"DESCRIPTION","DURATION IN MS","NAME","PARENT SUITE","START TIME","STATUS","STOP TIME","SUB SUITE","SUITE","TEST CLASS","TEST METHOD"
"","0","test_get_labels_normal","tests.unit","Mon Apr 06 07:28:09 UTC 2026","passed","Mon Apr 06 07:28:09 UTC 2026","","test_metrics","",""
"The User Email label has a visible red asterisk.","138","test_required_star_visible_on_email_label[chromium]","tests.e2e","Mon Apr 06 07:28:29 UTC 2026","passed","Mon Apr 06 07:28:30 UTC 2026","","test_e2e_connection","",""
"Generate with a filter triggers SSE, shows log output, re-enables button.","2664","test_generate_with_filter_sse_streaming[chromium]","tests.e2e","Mon Apr 06 07:28:54 UTC 2026","passed","Mon Apr 06 07:28:57 UTC 2026","","test_e2e_ui","",""
"","33","test_estimation_type_shown_in_header","tests.component","Mon Apr 06 07:27:59 UTC 2026","passed","Mon Apr 06 07:28:00 UTC 2026","","test_report_html","",""
"Fetch Certificate button shows 'Fetch Certificate' text when no cert exists.","133","test_fetch_cert_button_label_is_fetch_when_no_cert[chromium]","tests.e2e","Mon Apr 06 07:28:42 UTC 2026","passed","Mon Apr 06 07:28:42 UTC 2026","","test_e2e_connection","",""
"","1","test_fetch_sprint_data_orchestration","tests.unit","Mon Apr 06 07:28:09 UTC 2026","passed","Mon Apr 06 07:28:09 UTC 2026","","test_jira_client","",""
"","1","test_import_app_report_html","tests.unit","Mon Apr 06 07:28:09 UTC 2026","passed","Mon Apr 06 07:28:09 UTC 2026","","test_imports","",""
"","0","test_get_issues_with_changelog_multiple_keys","tests.unit","Mon Apr 06 07:28:09 UTC 2026","passed","Mon Apr 06 07:28:09 UTC 2026","","test_jira_client","",""
"Status badge shows neutral/configured state on initial load, not 'Connected'.","134","test_badge_neutral_on_initial_load[chromium]","tests.e2e","Mon Apr 06 07:28:39 UTC 2026","passed","Mon Apr 06 07:28:39 UTC 2026","","test_e2e_connection","",""
"Progress label shows '0 of 3 answered' and bar width is 0% on load.","79","test_progress_starts_at_zero[chromium]","tests.e2e","Mon Apr 06 07:28:24 UTC 2026","passed","Mon Apr 06 07:28:24 UTC 2026","","test_dau_survey_ui","",""
"_build_jql_from_params() produces correct JQL clauses for each param combination.","1","test_build_jql_from_params[params1-project IN (A, B)-None]","tests.unit","Mon Apr 06 07:28:09 UTC 2026","passed","Mon Apr 06 07:28:09 UTC 2026","","test_filter_handlers","",""
"","289","test_generate_ends_with_close_event","tests.component","Mon Apr 06 07:28:06 UTC 2026","passed","Mon Apr 06 07:28:07 UTC 2026","","test_server","",""
"","0","test_get_done_statuses_defaults","tests.unit","Mon Apr 06 07:28:09 UTC 2026","passed","Mon Apr 06 07:28:09 UTC 2026","","test_schema","",""
"","0","test_compute_velocity_mixed_statuses","tests.unit","Mon Apr 06 07:28:09 UTC 2026","passed","Mon Apr 06 07:28:09 UTC 2026","","test_metrics","",""
"","0","test_velocity_header_label_story_points","tests.component","Mon Apr 06 07:28:00 UTC 2026","passed","Mon Apr 06 07:28:00 UTC 2026","","test_report_md","",""
"JIRA_API_TOKEN, JIRA_EMAIL, and JIRA_URL values must never appear in logs.","1","test_credentials_not_in_log_output","tests.unit","Mon Apr 06 07:28:09 UTC 2026","passed","Mon Apr 06 07:28:09 UTC 2026","","test_logging_setup","",""
"","0","test_get_labels_missing_fields","tests.unit","Mon Apr 06 07:28:09 UTC 2026","passed","Mon Apr 06 07:28:09 UTC 2026","","test_metrics","",""
"The Default_Jira_Filter list item does not contain a Remove button.","161","test_default_filter_has_no_remove_button[chromium]","tests.e2e","Mon Apr 06 07:28:46 UTC 2026","passed","Mon Apr 06 07:28:47 UTC 2026","","test_e2e_filters","",""
"","32","test_ai_assistance_sprint_and_pct_present","tests.component","Mon Apr 06 07:27:59 UTC 2026","passed","Mon Apr 06 07:27:59 UTC 2026","","test_report_html","",""
"Removing a saved filter makes it disappear from the list.","471","test_remove_filter[chromium]","tests.e2e","Mon Apr 06 07:28:53 UTC 2026","passed","Mon Apr 06 07:28:53 UTC 2026","","test_e2e_ui","",""
"Saved filename follows dau_<username>_<timestamp>.json pattern (DAU-F-014).","158","test_filename_matches_dau_username_timestamp_pattern[chromium]","tests.e2e","Mon Apr 06 07:28:28 UTC 2026","passed","Mon Apr 06 07:28:28 UTC 2026","","test_dau_survey_ui","",""
"DELETE /api/schemas without ?name= returns 400.","1","test_delete_schema_no_name_returns_400","tests.component","Mon Apr 06 07:28:15 UTC 2026","passed","Mon Apr 06 07:28:15 UTC 2026","","test_server","",""
"Generate Report tab is active by default.","100","test_default_tab_is_generate[chromium]","tests.e2e","Mon Apr 06 07:28:48 UTC 2026","passed","Mon Apr 06 07:28:48 UTC 2026","","test_e2e_ui","",""
"","1","test_ai_assisted_label_custom","tests.unit","Mon Apr 06 07:28:08 UTC 2026","passed","Mon Apr 06 07:28:08 UTC 2026","","test_config","",""
"Progress count advances 1 → 2 → 3 as each field is completed.","123","test_progress_increments_with_each_field[chromium]","tests.e2e","Mon Apr 06 07:28:24 UTC 2026","passed","Mon Apr 06 07:28:24 UTC 2026","","test_dau_survey_ui","",""
"","0","test_fetch_cert_exits_when_hostname_unparseable","tests.integration","Mon Apr 06 07:28:02 UTC 2026","passed","Mon Apr 06 07:28:02 UTC 2026","","test_fetch_ssl_cert","",""
"","1","test_get_schema_detail_rejects_path_traversal","tests.unit","Mon Apr 06 07:28:09 UTC 2026","passed","Mon Apr 06 07:28:09 UTC 2026","","test_server_handlers","",""
"","0","test_missing_dir_returns_zero_count","tests.unit","Mon Apr 06 07:28:08 UTC 2026","passed","Mon Apr 06 07:28:08 UTC 2026","","test_dau_metrics","",""
"","1","test_project_type_default_scrum","tests.unit","Mon Apr 06 07:28:08 UTC 2026","passed","Mon Apr 06 07:28:08 UTC 2026","","test_config","",""
"","1","test_slugify_returns_safe_filename[  Team Schema v2  -team_schema_v2]","tests.unit","Mon Apr 06 07:28:09 UTC 2026","passed","Mon Apr 06 07:28:09 UTC 2026","","test_server_handlers","",""
"","1","test_jira_url_multiple_trailing_slashes_stripped","tests.unit","Mon Apr 06 07:28:08 UTC 2026","passed","Mon Apr 06 07:28:08 UTC 2026","","test_config","",""
"","220","test_test_connection_http_error","tests.component","Mon Apr 06 07:28:03 UTC 2026","passed","Mon Apr 06 07:28:04 UTC 2026","","test_server","",""
"Validate the path fix: templates/ should be at project root, not inside app/.","0","test_templates_dir_not_inside_app","tests.component","Mon Apr 06 07:27:59 UTC 2026","passed","Mon Apr 06 07:27:59 UTC 2026","","test_report_html","",""
"Badge shows 'Expiring soon · Nd' (warning) when days_remaining <= 7.","137","test_cert_badge_shows_expiring_soon[chromium]","tests.e2e","Mon Apr 06 07:28:41 UTC 2026","passed","Mon Apr 06 07:28:41 UTC 2026","","test_e2e_connection","",""
"","1","test_compute_dau_trend_multiple_weeks_sorted","tests.unit","Mon Apr 06 07:28:08 UTC 2026","passed","Mon Apr 06 07:28:08 UTC 2026","","test_dau_metrics","",""
"","1","test_env_bool_values[1-True]","tests.unit","Mon Apr 06 07:28:08 UTC 2026","passed","Mon Apr 06 07:28:08 UTC 2026","","test_config","",""
"","1","test_env_bool_values[false-False]","tests.unit","Mon Apr 06 07:28:08 UTC 2026","passed","Mon Apr 06 07:28:08 UTC 2026","","test_config","",""
"Save is disabled on page load when no config is set.","120","test_save_button_disabled_on_load_with_empty_config[chromium]","tests.e2e","Mon Apr 06 07:28:30 UTC 2026","passed","Mon Apr 06 07:28:30 UTC 2026","","test_e2e_connection","",""
"","0","test_md_dau_shows_team_avg","tests.component","Mon Apr 06 07:27:58 UTC 2026","passed","Mon Apr 06 07:27:58 UTC 2026","","test_dau_report","",""
"Page loads with correct title and heading.","88","test_page_loads_with_title[chromium]","tests.e2e","Mon Apr 06 07:28:48 UTC 2026","passed","Mon Apr 06 07:28:48 UTC 2026","","test_e2e_ui","",""
"","0","test_setup_logging_attaches_stream_handler","tests.unit","Mon Apr 06 07:28:09 UTC 2026","passed","Mon Apr 06 07:28:09 UTC 2026","","test_logging_setup","",""
"","1","test_env_bool_values[true-True]","tests.unit","Mon Apr 06 07:28:08 UTC 2026","passed","Mon Apr 06 07:28:08 UTC 2026","","test_config","",""
"","32","test_html_dau_section_absent_when_no_responses","tests.component","Mon Apr 06 07:27:58 UTC 2026","passed","Mon Apr 06 07:27:58 UTC 2026","","test_dau_report","",""
"","1","test_project_type_kanban","tests.unit","Mon Apr 06 07:28:08 UTC 2026","passed","Mon Apr 06 07:28:08 UTC 2026","","test_config","",""
"","0","test_get_filter_jql_valid","tests.unit","Mon Apr 06 07:28:09 UTC 2026","passed","Mon Apr 06 07:28:09 UTC 2026","","test_jira_client","",""
"","1","test_estimation_type_invalid_falls_back","tests.unit","Mon Apr 06 07:28:08 UTC 2026","passed","Mon Apr 06 07:28:08 UTC 2026","","test_config","",""
"","0","test_get_field_id","tests.unit","Mon Apr 06 07:28:09 UTC 2026","passed","Mon Apr 06 07:28:09 UTC 2026","","test_schema","",""
"POST /api/fetch-cert writes the server cert + certifi CA bundle to disk.","4","test_fetch_cert_saves_full_ca_bundle","tests.component","Mon Apr 06 07:28:11 UTC 2026","passed","Mon Apr 06 07:28:11 UTC 2026","","test_server","",""
"","0","test_is_done_with_custom_statuses","tests.unit","Mon Apr 06 07:28:09 UTC 2026","passed","Mon Apr 06 07:28:09 UTC 2026","","test_metrics","",""
"","1","test_get_done_issue_keys_filters_non_done","tests.unit","Mon Apr 06 07:28:09 UTC 2026","passed","Mon Apr 06 07:28:09 UTC 2026","","test_metrics","",""
"","0","test_ai_trend_multiple_sprints","tests.unit","Mon Apr 06 07:28:09 UTC 2026","passed","Mon Apr 06 07:28:09 UTC 2026","","test_metrics","",""
"When server returns '***' for token, placeholder text changes to indicate a saved token.","144","test_token_placeholder_updated_when_server_token_exists[chromium]","tests.e2e","Mon Apr 06 07:28:31 UTC 2026","passed","Mon Apr 06 07:28:31 UTC 2026","","test_e2e_connection","",""
"","2","test_delete_schema_removes_existing_file","tests.unit","Mon Apr 06 07:28:09 UTC 2026","passed","Mon Apr 06 07:28:09 UTC 2026","","test_server_handlers","",""
"","0","test_ai_usage_no_ai_issues","tests.unit","Mon Apr 06 07:28:09 UTC 2026","passed","Mon Apr 06 07:28:09 UTC 2026","","test_metrics","",""
"","1","test_handle_generate_emits_error_event_for_nonzero_exit","tests.unit","Mon Apr 06 07:28:09 UTC 2026","passed","Mon Apr 06 07:28:09 UTC 2026","","test_server_handlers","",""
"Empty/None config values must not cause errors.","0","test_sanitise_error_handles_none_config_values","tests.unit","Mon Apr 06 07:28:09 UTC 2026","passed","Mon Apr 06 07:28:09 UTC 2026","","test_jira_client","",""
"","32","test_ai_assistance_no_data_message_when_empty","tests.component","Mon Apr 06 07:27:59 UTC 2026","passed","Mon Apr 06 07:27:59 UTC 2026","","test_report_html","",""
"","0","test_timestamp_folder_name_empty_string","tests.unit","Mon Apr 06 07:28:09 UTC 2026","passed","Mon Apr 06 07:28:09 UTC 2026","","test_main_helpers","",""
"POST /api/schemas with unreachable Jira returns ok:false.","5","test_post_schema_unreachable_jira","tests.component","Mon Apr 06 07:28:14 UTC 2026","passed","Mon Apr 06 07:28:14 UTC 2026","","test_server","",""
"","1","test_project_type_shown_in_md_header","tests.component","Mon Apr 06 07:28:00 UTC 2026","passed","Mon Apr 06 07:28:00 UTC 2026","","test_report_md","",""
"","2","test_main_keeps_running_when_filter_name_lookup_fails","tests.unit","Mon Apr 06 07:28:08 UTC 2026","passed","Mon Apr 06 07:28:08 UTC 2026","","test_cli","",""
"POST /api/fetch-cert with empty url and no JIRA_URL fallback returns HTTP 400.","1","test_fetch_cert_missing_url_returns_400","tests.component","Mon Apr 06 07:28:10 UTC 2026","passed","Mon Apr 06 07:28:10 UTC 2026","","test_server","",""
"","0","test_get_done_issue_keys_custom_statuses","tests.unit","Mon Apr 06 07:28:09 UTC 2026","passed","Mon Apr 06 07:28:09 UTC 2026","","test_metrics","",""
"","0","test_velocity_header_label_jira_tickets","tests.component","Mon Apr 06 07:28:00 UTC 2026","passed","Mon Apr 06 07:28:00 UTC 2026","","test_report_md","",""
"Only fields present in the server config are filled; absent fields remain empty.","119","test_partial_config_populates_only_present_fields[chromium]","tests.e2e","Mon Apr 06 07:28:32 UTC 2026","passed","Mon Apr 06 07:28:32 UTC 2026","","test_e2e_connection","",""
"","33","test_ai_usage_details_section_present","tests.component","Mon Apr 06 07:27:59 UTC 2026","passed","Mon Apr 06 07:27:59 UTC 2026","","test_report_html","",""
"","34","test_ai_usage_tools_canvas_present","tests.component","Mon Apr 06 07:27:59 UTC 2026","passed","Mon Apr 06 07:27:59 UTC 2026","","test_report_html","",""
"","32","test_date_present","tests.component","Mon Apr 06 07:27:59 UTC 2026","passed","Mon Apr 06 07:27:59 UTC 2026","","test_report_html","",""
"","2","test_sprint_count_default","tests.unit","Mon Apr 06 07:28:08 UTC 2026","passed","Mon Apr 06 07:28:08 UTC 2026","","test_config","",""
"build_metrics_dict + generate_html + generate_md finish in under 5 s.","36","test_report_generation_completes_within_time_limit","tests.component","Mon Apr 06 07:28:00 UTC 2026","passed","Mon Apr 06 07:28:00 UTC 2026","","test_report_performance","",""
"","1","test_save_schema_updates_existing","tests.unit","Mon Apr 06 07:28:09 UTC 2026","passed","Mon Apr 06 07:28:09 UTC 2026","","test_schema","",""
"Fetch Certificate button shows 'Refresh Certificate' text when a valid cert exists.","133","test_fetch_cert_button_label_is_refresh_when_cert_valid[chromium]","tests.e2e","Mon Apr 06 07:28:42 UTC 2026","passed","Mon Apr 06 07:28:42 UTC 2026","","test_e2e_connection","",""
"","1","test_load_schemas_invalid_json","tests.unit","Mon Apr 06 07:28:09 UTC 2026","passed","Mon Apr 06 07:28:09 UTC 2026","","test_schema","",""
"","0","test_build_metrics_dict_generated_at_is_iso","tests.unit","Mon Apr 06 07:28:09 UTC 2026","passed","Mon Apr 06 07:28:09 UTC 2026","","test_metrics","",""
"Badge shows 'Certificate unreadable' (error) when cert-status returns an error key.","138","test_cert_badge_shows_unreadable_on_error[chromium]","tests.e2e","Mon Apr 06 07:28:42 UTC 2026","passed","Mon Apr 06 07:28:42 UTC 2026","","test_e2e_connection","",""
"","0","test_sprint_factory_has_keys_used_by_ai_trend","tests.component","Mon Apr 06 07:27:58 UTC 2026","passed","Mon Apr 06 07:27:58 UTC 2026","","test_contracts","",""
"","33","test_sprint_name_present","tests.component","Mon Apr 06 07:27:59 UTC 2026","passed","Mon Apr 06 07:27:59 UTC 2026","","test_report_html","",""
"_build_jql_from_params() produces correct JQL clauses for each param combination.","2","test_build_jql_from_params[params4-project = PROJ-sprint in closedSprints()]","tests.unit","Mon Apr 06 07:28:09 UTC 2026","passed","Mon Apr 06 07:28:09 UTC 2026","","test_filter_handlers","",""
"GET /api/filters always includes the default filter, even after all user filters are removed.","3","test_get_filters_always_includes_default_after_user_delete","tests.component","Mon Apr 06 07:28:17 UTC 2026","passed","Mon Apr 06 07:28:17 UTC 2026","","test_server_filters","",""
"","1","test_test_connection_empty_body","tests.component","Mon Apr 06 07:28:04 UTC 2026","passed","Mon Apr 06 07:28:04 UTC 2026","","test_server","",""
"When /api/cert-status reports no cert, the badge shows 'No certificate'.","125","test_cert_status_badge_no_cert[chromium]","tests.e2e","Mon Apr 06 07:28:58 UTC 2026","passed","Mon Apr 06 07:28:58 UTC 2026","","test_e2e_ui","",""
"","33","test_ai_usage_cases_canvas_present","tests.component","Mon Apr 06 07:27:59 UTC 2026","passed","Mon Apr 06 07:27:59 UTC 2026","","test_report_html","",""
"","0","test_import_app_config","tests.unit","Mon Apr 06 07:28:09 UTC 2026","passed","Mon Apr 06 07:28:09 UTC 2026","","test_imports","",""
"","0","test_import_app_cert_utils","tests.unit","Mon Apr 06 07:28:09 UTC 2026","passed","Mon Apr 06 07:28:09 UTC 2026","","test_imports","",""
"Generate tab shows metric toggle checkboxes, all checked by default (RG-MT-001).","391","test_metric_toggle_checkboxes_visible[chromium]","tests.e2e","Mon Apr 06 07:29:00 UTC 2026","passed","Mon Apr 06 07:29:00 UTC 2026","","test_e2e_ui","",""
"","0","test_get_in_progress_statuses","tests.unit","Mon Apr 06 07:28:09 UTC 2026","passed","Mon Apr 06 07:28:09 UTC 2026","","test_schema","",""
"","0","test_parse_iso[2026-03-01T10:00:00Z-True]","tests.unit","Mon Apr 06 07:28:09 UTC 2026","passed","Mon Apr 06 07:28:09 UTC 2026","","test_metrics","",""
"Jira URL must be masked in error messages.","1","test_sanitise_error_replaces_url","tests.unit","Mon Apr 06 07:28:09 UTC 2026","passed","Mon Apr 06 07:28:09 UTC 2026","","test_jira_client","",""
"","33","test_html_dau_section_hidden_when_visibility_false","tests.component","Mon Apr 06 07:27:58 UTC 2026","passed","Mon Apr 06 07:27:58 UTC 2026","","test_dau_report","",""
"","1","test_setup_logging_creates_log_directory","tests.unit","Mon Apr 06 07:28:09 UTC 2026","passed","Mon Apr 06 07:28:09 UTC 2026","","test_logging_setup","",""
"","1","test_get_filter_jql_api_error","tests.unit","Mon Apr 06 07:28:09 UTC 2026","passed","Mon Apr 06 07:28:09 UTC 2026","","test_jira_client","",""
"","0","test_timestamp_folder_name_valid_iso","tests.unit","Mon Apr 06 07:28:09 UTC 2026","passed","Mon Apr 06 07:28:09 UTC 2026","","test_main_helpers","",""
"","33","test_velocity_value_present","tests.component","Mon Apr 06 07:27:59 UTC 2026","passed","Mon Apr 06 07:27:59 UTC 2026","","test_report_html","",""
"After Save, field values are stored in localStorage.","327","test_save_persists_values_to_localstorage[chromium]","tests.e2e","Mon Apr 06 07:28:39 UTC 2026","passed","Mon Apr 06 07:28:39 UTC 2026","","test_e2e_connection","",""
"Generate tab shows StoryPoints / JiraTickets radio buttons (RG-ET-001).","354","test_estimation_type_radios_visible[chromium]","tests.e2e","Mon Apr 06 07:29:00 UTC 2026","passed","Mon Apr 06 07:29:00 UTC 2026","","test_e2e_ui","",""
"","1","test_ai_exclude_labels_empty","tests.unit","Mon Apr 06 07:28:08 UTC 2026","passed","Mon Apr 06 07:28:08 UTC 2026","","test_config","",""
"Full positive E2E: Fetch Certificate → badge transitions from 'No certificate' to 'Valid'.

    Steps: load with no cert → badge neutral → fill URL → click Fetch Certificate
    → /api/fetch-cert returns ok=true → /api/cert-status re-polled → badge shows 'Valid'.
    Covers JCR-SSL-006.
    ","322","test_positive_e2e_fetch_cert_then_badge_shows_valid[chromium]","tests.e2e","Mon Apr 06 07:28:44 UTC 2026","passed","Mon Apr 06 07:28:45 UTC 2026","","test_e2e_connection","",""
"","33","test_html_dau_trend_hidden_when_visibility_false","tests.component","Mon Apr 06 07:27:59 UTC 2026","passed","Mon Apr 06 07:27:59 UTC 2026","","test_dau_report","",""
"","1","test_compute_dau_trend_single_week","tests.unit","Mon Apr 06 07:28:08 UTC 2026","passed","Mon Apr 06 07:28:08 UTC 2026","","test_dau_metrics","",""
"","0","test_parse_iso[None-False]","tests.unit","Mon Apr 06 07:28:09 UTC 2026","passed","Mon Apr 06 07:28:09 UTC 2026","","test_metrics","",""
"","0","test_get_story_points_custom_field","tests.unit","Mon Apr 06 07:28:09 UTC 2026","passed","Mon Apr 06 07:28:09 UTC 2026","","test_metrics","",""
"","0","test_fetch_sprint_data_skips_sprints_without_id","tests.unit","Mon Apr 06 07:28:09 UTC 2026","passed","Mon Apr 06 07:28:09 UTC 2026","","test_jira_client","",""
"python main.py --clean → exit 0.","1155","test_cli_clean_via_subprocess","tests.integration","Mon Apr 06 07:28:00 UTC 2026","passed","Mon Apr 06 07:28:01 UTC 2026","","test_cli_server","",""
"Two responses from same user in same week → only latest counts.","1","test_compute_dau_trend_dedup_applied","tests.unit","Mon Apr 06 07:28:08 UTC 2026","passed","Mon Apr 06 07:28:08 UTC 2026","","test_dau_metrics","",""
"","2","test_jira_url_empty_string_safe","tests.unit","Mon Apr 06 07:28:08 UTC 2026","passed","Mon Apr 06 07:28:08 UTC 2026","","test_config","",""
"","0","test_md_has_dau_trend_heading","tests.component","Mon Apr 06 07:27:58 UTC 2026","passed","Mon Apr 06 07:27:58 UTC 2026","","test_dau_report","",""
"Test Connection with unreachable Jira shows error after attempt (mocked — no real DNS).","295","test_test_connection_unreachable_server[chromium]","tests.e2e","Mon Apr 06 07:28:52 UTC 2026","passed","Mon Apr 06 07:28:52 UTC 2026","","test_e2e_ui","",""
"GET /api/schemas?name=Nonexistent returns 404.","1","test_get_schema_not_found","tests.component","Mon Apr 06 07:28:13 UTC 2026","passed","Mon Apr 06 07:28:13 UTC 2026","","test_server","",""
"","0","test_get_story_points_integer_stored_as_int","tests.unit","Mon Apr 06 07:28:09 UTC 2026","passed","Mon Apr 06 07:28:09 UTC 2026","","test_metrics","",""
"Submit button stays disabled with 2 of 3 fields and enables at 3 of 3.","106","test_submit_enabled_only_when_all_fields_are_valid[chromium]","tests.e2e","Mon Apr 06 07:28:25 UTC 2026","passed","Mon Apr 06 07:28:25 UTC 2026","","test_dau_survey_ui","",""
"","0","test_is_done[Done-True]","tests.unit","Mon Apr 06 07:28:09 UTC 2026","passed","Mon Apr 06 07:28:09 UTC 2026","","test_metrics","",""
"Confirmation table reflects the exact username and role that were submitted.","147","test_confirmation_displays_submitted_data[chromium]","tests.e2e","Mon Apr 06 07:28:26 UTC 2026","passed","Mon Apr 06 07:28:26 UTC 2026","","test_dau_survey_ui","",""
"Clicking Connection tab shows its panel and hides others.","137","test_click_connection_tab[chromium]","tests.e2e","Mon Apr 06 07:28:48 UTC 2026","passed","Mon Apr 06 07:28:49 UTC 2026","","test_e2e_ui","",""
"","1","test_velocity_section_hidden_when_section_visibility_false","tests.component","Mon Apr 06 07:28:00 UTC 2026","passed","Mon Apr 06 07:28:00 UTC 2026","","test_report_md","",""
"validate_cert() on a missing file returns the error-shape consumed by _handle_cert_status.","0","test_validate_cert_response_has_all_keys_when_missing","tests.component","Mon Apr 06 07:27:58 UTC 2026","passed","Mon Apr 06 07:27:58 UTC 2026","","test_contracts","",""
"","1","test_estimation_type_jira_tickets","tests.unit","Mon Apr 06 07:28:08 UTC 2026","passed","Mon Apr 06 07:28:08 UTC 2026","","test_config","",""
"Clicking Filter tab shows its panel and hides others.","143","test_click_filter_tab[chromium]","tests.e2e","Mon Apr 06 07:28:49 UTC 2026","passed","Mon Apr 06 07:28:49 UTC 2026","","test_e2e_ui","",""
"","1","test_ai_trend_no_done_issues","tests.unit","Mon Apr 06 07:28:09 UTC 2026","passed","Mon Apr 06 07:28:09 UTC 2026","","test_metrics","",""
"Save is disabled even when fields are pre-populated from server — Test Connection not yet run.","127","test_save_button_disabled_on_load_even_with_prefilled_config[chromium]","tests.e2e","Mon Apr 06 07:28:30 UTC 2026","passed","Mon Apr 06 07:28:30 UTC 2026","","test_e2e_connection","",""
"","1","test_empty_dir_returns_zero_count","tests.unit","Mon Apr 06 07:28:08 UTC 2026","passed","Mon Apr 06 07:28:08 UTC 2026","","test_dau_metrics","",""
"","0","test_md_dau_shows_role_in_table","tests.component","Mon Apr 06 07:27:58 UTC 2026","passed","Mon Apr 06 07:27:58 UTC 2026","","test_dau_report","",""
"","1","test_validate_cert_expired","tests.unit","Mon Apr 06 07:28:08 UTC 2026","passed","Mon Apr 06 07:28:08 UTC 2026","","test_cert_validation","",""
"Key dynamic regions carry aria-live so screen readers announce updates (NFR-A-002).","100","test_dynamic_regions_have_aria_live[chromium]","tests.e2e","Mon Apr 06 07:29:05 UTC 2026","passed","Mon Apr 06 07:29:05 UTC 2026","","test_e2e_ui","",""
"","1","test_save_schema_appends_new","tests.unit","Mon Apr 06 07:28:09 UTC 2026","passed","Mon Apr 06 07:28:09 UTC 2026","","test_schema","",""
"","0","test_get_field_jql_name_falls_back_to_id","tests.unit","Mon Apr 06 07:28:09 UTC 2026","passed","Mon Apr 06 07:28:09 UTC 2026","","test_schema","",""
"","2","test_fetch_cert_overwrites_existing","tests.integration","Mon Apr 06 07:28:02 UTC 2026","passed","Mon Apr 06 07:28:02 UTC 2026","","test_fetch_ssl_cert","",""
"","34","test_html_has_dau_trend_section","tests.component","Mon Apr 06 07:27:58 UTC 2026","passed","Mon Apr 06 07:27:59 UTC 2026","","test_dau_report","",""
"","0","test_main_returns_1_when_fetch_sprint_data_fails","tests.unit","Mon Apr 06 07:28:08 UTC 2026","passed","Mon Apr 06 07:28:08 UTC 2026","","test_cli","",""
"","34","test_ai_assistance_chart_canvas_present","tests.component","Mon Apr 06 07:27:59 UTC 2026","passed","Mon Apr 06 07:27:59 UTC 2026","","test_report_html","",""
"GET /api/schemas returns ok:true with a schemas list.","1","test_get_schemas_returns_list","tests.component","Mon Apr 06 07:28:12 UTC 2026","passed","Mon Apr 06 07:28:12 UTC 2026","","test_server","",""
"","35","test_filter_metadata_in_html","tests.integration","Mon Apr 06 07:28:02 UTC 2026","passed","Mon Apr 06 07:28:02 UTC 2026","","test_integration","",""
"","33","test_validate_cert_valid_future","tests.unit","Mon Apr 06 07:28:08 UTC 2026","passed","Mon Apr 06 07:28:08 UTC 2026","","test_cert_validation","",""
"","32","test_velocity_header_reflects_estimation_type_tickets","tests.component","Mon Apr 06 07:28:00 UTC 2026","passed","Mon Apr 06 07:28:00 UTC 2026","","test_report_html","",""
"An unrecognised usage string counts as score 0.","0","test_unknown_usage_falls_back_to_zero","tests.unit","Mon Apr 06 07:28:08 UTC 2026","passed","Mon Apr 06 07:28:08 UTC 2026","","test_dau_metrics","",""
"","1","test_slugify_returns_safe_filename[!!!-schema]","tests.unit","Mon Apr 06 07:28:09 UTC 2026","passed","Mon Apr 06 07:28:09 UTC 2026","","test_server_handlers","",""
"","0","test_create_client_passes_verify_ssl","tests.unit","Mon Apr 06 07:28:09 UTC 2026","passed","Mon Apr 06 07:28:09 UTC 2026","","test_jira_client","",""
"_build_jql_from_params() produces correct JQL clauses for each param combination.","1","test_build_jql_from_params[params2-""Team[Team]"" = T1-None]","tests.unit","Mon Apr 06 07:28:09 UTC 2026","passed","Mon Apr 06 07:28:09 UTC 2026","","test_filter_handlers","",""
"Both the default filter and a user filter appear in the filter list after page load.","159","test_filter_list_displayed_on_load[chromium]","tests.e2e","Mon Apr 06 07:28:46 UTC 2026","passed","Mon Apr 06 07:28:46 UTC 2026","","test_e2e_filters","",""
"","0","test_ai_usage_tool_breakdown","tests.unit","Mon Apr 06 07:28:09 UTC 2026","passed","Mon Apr 06 07:28:09 UTC 2026","","test_metrics","",""
"","0","test_ai_trend_no_ai_label","tests.unit","Mon Apr 06 07:28:09 UTC 2026","passed","Mon Apr 06 07:28:09 UTC 2026","","test_metrics","",""
"Clicking the second radio card adds 'selected' only to that card.","90","test_radio_card_click_marks_it_selected[chromium]","tests.e2e","Mon Apr 06 07:28:25 UTC 2026","passed","Mon Apr 06 07:28:26 UTC 2026","","test_dau_survey_ui","",""
"","33","test_project_type_shown_in_header","tests.component","Mon Apr 06 07:27:59 UTC 2026","passed","Mon Apr 06 07:27:59 UTC 2026","","test_report_html","",""
"","0","test_build_metrics_dict_story_points_velocity_unchanged","tests.unit","Mon Apr 06 07:28:09 UTC 2026","passed","Mon Apr 06 07:28:09 UTC 2026","","test_metrics","",""
"","0","test_by_role_sorted_alphabetically","tests.unit","Mon Apr 06 07:28:08 UTC 2026","passed","Mon Apr 06 07:28:08 UTC 2026","","test_dau_metrics","",""
"","1","test_success_level_value","tests.unit","Mon Apr 06 07:28:09 UTC 2026","passed","Mon Apr 06 07:28:09 UTC 2026","","test_logging_setup","",""
"Generate without a filter selected shows error and marks dropdown invalid.","206","test_generate_without_filter_selected[chromium]","tests.e2e","Mon Apr 06 07:28:54 UTC 2026","passed","Mon Apr 06 07:28:54 UTC 2026","","test_e2e_ui","",""
"","0","test_date_present","tests.component","Mon Apr 06 07:28:00 UTC 2026","passed","Mon Apr 06 07:28:00 UTC 2026","","test_report_md","",""
"","33","test_title_present","tests.component","Mon Apr 06 07:27:59 UTC 2026","passed","Mon Apr 06 07:27:59 UTC 2026","","test_report_html","",""
"","1","test_board_id_non_numeric","tests.unit","Mon Apr 06 07:28:08 UTC 2026","passed","Mon Apr 06 07:28:08 UTC 2026","","test_config","",""
"_handle_post_filter() substitutes the schema's team.jql_name in the JQL clause.","2","test_post_filter_uses_schema_team_jql_field","tests.unit","Mon Apr 06 07:28:09 UTC 2026","passed","Mon Apr 06 07:28:09 UTC 2026","","test_filter_handlers","",""
"_CLIENT_DISCONNECT must catch BrokenPipeError, ConnectionAbortedError, and ConnectionResetError.","1","test_client_disconnect_tuple_includes_all_error_types","tests.unit","Mon Apr 06 07:28:09 UTC 2026","passed","Mon Apr 06 07:28:09 UTC 2026","","test_server_handlers","",""
"Test Connection with empty fields shows error in badge.","205","test_test_connection_missing_fields[chromium]","tests.e2e","Mon Apr 06 07:28:51 UTC 2026","passed","Mon Apr 06 07:28:51 UTC 2026","","test_e2e_ui","",""
"Save button becomes enabled after all fields filled and Test Connection succeeds.","294","test_save_enabled_after_successful_test_connection[chromium]","tests.e2e","Mon Apr 06 07:28:34 UTC 2026","passed","Mon Apr 06 07:28:34 UTC 2026","","test_e2e_connection","",""
"","1","test_project_type_invalid_falls_back","tests.unit","Mon Apr 06 07:28:08 UTC 2026","passed","Mon Apr 06 07:28:08 UTC 2026","","test_config","",""
"","2","test_ai_tool_labels_parsed","tests.unit","Mon Apr 06 07:28:08 UTC 2026","passed","Mon Apr 06 07:28:08 UTC 2026","","test_config","",""
"GET /api/filters returns the default filter as the first entry.","1","test_get_filters_default_is_first","tests.component","Mon Apr 06 07:28:17 UTC 2026","passed","Mon Apr 06 07:28:17 UTC 2026","","test_server_filters","",""
"Running Test Connection twice with different mock outcomes reflects the last result.","435","test_multiple_test_connection_attempts_last_result_wins[chromium]","tests.e2e","Mon Apr 06 07:28:39 UTC 2026","passed","Mon Apr 06 07:28:40 UTC 2026","","test_e2e_connection","",""
"","33","test_chart_canvas_present_when_velocity_nonempty","tests.component","Mon Apr 06 07:27:59 UTC 2026","passed","Mon Apr 06 07:27:59 UTC 2026","","test_report_html","",""
"Run tools/fetch_ssl_cert.py as a subprocess with no JIRA_URL -> should exit 1.","63","test_fetch_cert_subprocess_smoke","tests.integration","Mon Apr 06 07:28:02 UTC 2026","passed","Mon Apr 06 07:28:02 UTC 2026","","test_fetch_ssl_cert","",""
"Timestamp in saved JSON must be ISO 8601 +00:00 format, no milliseconds.","155","test_submit_timestamp_format[chromium]","tests.e2e","Mon Apr 06 07:28:27 UTC 2026","passed","Mon Apr 06 07:28:27 UTC 2026","","test_dau_survey_ui","",""
"","0","test_success_level_message_written_to_file","tests.unit","Mon Apr 06 07:28:09 UTC 2026","passed","Mon Apr 06 07:28:09 UTC 2026","","test_logging_setup","",""
"After editing a field (disabling Save), running Test Connection again re-enables Save.","429","test_can_re_test_after_field_edit_to_re_enable_save[chromium]","tests.e2e","Mon Apr 06 07:28:38 UTC 2026","passed","Mon Apr 06 07:28:38 UTC 2026","","test_e2e_connection","",""
"","0","test_compute_velocity_custom_field_and_statuses","tests.unit","Mon Apr 06 07:28:09 UTC 2026","passed","Mon Apr 06 07:28:09 UTC 2026","","test_metrics","",""
"","0","test_is_done[done-True]","tests.unit","Mon Apr 06 07:28:09 UTC 2026","passed","Mon Apr 06 07:28:09 UTC 2026","","test_metrics","",""
"","1","test_build_metrics_dict_without_schema_backward_compat","tests.unit","Mon Apr 06 07:28:09 UTC 2026","passed","Mon Apr 06 07:28:09 UTC 2026","","test_metrics","",""
"","0","test_load_dau_records_returns_list","tests.unit","Mon Apr 06 07:28:08 UTC 2026","passed","Mon Apr 06 07:28:08 UTC 2026","","test_dau_metrics","",""
"POST /api/schemas without jira credentials returns 400.","1","test_post_schema_missing_credentials","tests.component","Mon Apr 06 07:28:14 UTC 2026","passed","Mon Apr 06 07:28:14 UTC 2026","","test_server","",""
"Clicking Test Connection with empty fields shows error badge without hitting the server.","188","test_badge_shows_error_when_fields_empty[chromium]","tests.e2e","Mon Apr 06 07:28:33 UTC 2026","passed","Mon Apr 06 07:28:33 UTC 2026","","test_e2e_connection","",""
"","1","test_jira_schema_name_default","tests.unit","Mon Apr 06 07:28:08 UTC 2026","passed","Mon Apr 06 07:28:08 UTC 2026","","test_config","",""
"_handle_cert_status returns exists=True plus error key when validate_cert fails.","2","test_handle_cert_status_returns_error_key_when_cert_unreadable","tests.unit","Mon Apr 06 07:28:09 UTC 2026","passed","Mon Apr 06 07:28:09 UTC 2026","","test_server_handlers","",""
"POST /api/fetch-cert for an unreachable host returns 200 with ok=False.","5","test_fetch_cert_unreachable_host_returns_error","tests.component","Mon Apr 06 07:28:11 UTC 2026","passed","Mon Apr 06 07:28:11 UTC 2026","","test_server","",""
"Clicking the Clear button empties the certificate log.","196","test_btn_clear_cert_log_clears_log_output[chromium]","tests.e2e","Mon Apr 06 07:28:44 UTC 2026","passed","Mon Apr 06 07:28:44 UTC 2026","","test_e2e_connection","",""
"","0","test_test_connection_missing_fields","tests.component","Mon Apr 06 07:28:02 UTC 2026","passed","Mon Apr 06 07:28:02 UTC 2026","","test_server","",""
"","0","test_setup_logging_creates_log_file","tests.unit","Mon Apr 06 07:28:09 UTC 2026","passed","Mon Apr 06 07:28:09 UTC 2026","","test_logging_setup","",""
"_build_jql_from_params() produces correct JQL clauses for each param combination.","1","test_build_jql_from_params[params3-status IN (Done, Closed)-None]","tests.unit","Mon Apr 06 07:28:09 UTC 2026","passed","Mon Apr 06 07:28:09 UTC 2026","","test_filter_handlers","",""
"","1","test_get_schema_found","tests.unit","Mon Apr 06 07:28:09 UTC 2026","passed","Mon Apr 06 07:28:09 UTC 2026","","test_schema","",""
"Certificate expiring in 5 days is still valid=True (not yet expired).

    days_remaining <= 7 is a UI-only warning threshold; validate_cert itself
    has no 7-day cutoff — it only checks days_remaining >= 0.
    ","1","test_validate_cert_expiring_soon","tests.unit","Mon Apr 06 07:28:08 UTC 2026","passed","Mon Apr 06 07:28:08 UTC 2026","","test_cert_validation","",""
"","1","test_by_role_correct_avg_and_count","tests.unit","Mon Apr 06 07:28:08 UTC 2026","passed","Mon Apr 06 07:28:08 UTC 2026","","test_dau_metrics","",""
"","1","test_velocity_row_has_required_keys","tests.component","Mon Apr 06 07:27:58 UTC 2026","passed","Mon Apr 06 07:27:58 UTC 2026","","test_contracts","",""
"","0","test_get_story_points_non_numeric_string","tests.unit","Mon Apr 06 07:28:09 UTC 2026","passed","Mon Apr 06 07:28:09 UTC 2026","","test_metrics","",""
"","0","test_delete_schema_removes_entry","tests.unit","Mon Apr 06 07:28:09 UTC 2026","passed","Mon Apr 06 07:28:09 UTC 2026","","test_schema","",""
"Saved JSON must contain 'week' field in YYYY-WNN format.","160","test_submit_week_field_format[chromium]","tests.e2e","Mon Apr 06 07:28:27 UTC 2026","passed","Mon Apr 06 07:28:27 UTC 2026","","test_dau_survey_ui","",""
"","0","test_load_dau_records_skips_malformed","tests.unit","Mon Apr 06 07:28:08 UTC 2026","passed","Mon Apr 06 07:28:08 UTC 2026","","test_dau_metrics","",""
"Survey form is visible and the confirmation screen is hidden on load.","57","test_form_visible_and_confirmation_hidden_on_load[chromium]","tests.e2e","Mon Apr 06 07:28:24 UTC 2026","passed","Mon Apr 06 07:28:24 UTC 2026","","test_dau_survey_ui","",""
"A new filter POSTed to /api/filters appears in the subsequent GET response.","2","test_post_filter_creates_new_and_get_returns_it","tests.component","Mon Apr 06 07:28:18 UTC 2026","passed","Mon Apr 06 07:28:18 UTC 2026","","test_server_filters","",""
"Verify generate endpoint returns SSE-formatted response.","285","test_server_generate_sse_format","tests.integration","Mon Apr 06 07:28:03 UTC 2026","passed","Mon Apr 06 07:28:03 UTC 2026","","test_integration","",""
"","1","test_resolve_report_path_rejects_path_traversal","tests.unit","Mon Apr 06 07:28:09 UTC 2026","passed","Mon Apr 06 07:28:09 UTC 2026","","test_server_handlers","",""
"","1","test_velocity_value_present","tests.component","Mon Apr 06 07:28:00 UTC 2026","passed","Mon Apr 06 07:28:00 UTC 2026","","test_report_md","",""
"","1","test_malformed_json_file_is_skipped","tests.unit","Mon Apr 06 07:28:08 UTC 2026","passed","Mon Apr 06 07:28:08 UTC 2026","","test_dau_metrics","",""
"Mock jira_client functions, call main.main(), verify HTML/MD files are created.","256","test_main_pipeline_success","tests.integration","Mon Apr 06 07:28:02 UTC 2026","passed","Mon Apr 06 07:28:02 UTC 2026","","test_integration","",""
"","0","test_template_file_exists","tests.component","Mon Apr 06 07:27:59 UTC 2026","passed","Mon Apr 06 07:27:59 UTC 2026","","test_report_html","",""
"","2","test_fetch_cert_happy_path","tests.integration","Mon Apr 06 07:28:02 UTC 2026","passed","Mon Apr 06 07:28:02 UTC 2026","","test_fetch_ssl_cert","",""
"","0","test_is_done[Complete-True]","tests.unit","Mon Apr 06 07:28:09 UTC 2026","passed","Mon Apr 06 07:28:09 UTC 2026","","test_metrics","",""
"","1","test_get_schema_not_found","tests.unit","Mon Apr 06 07:28:09 UTC 2026","passed","Mon Apr 06 07:28:09 UTC 2026","","test_schema","",""
"","0","test_save_schema_creates_file","tests.unit","Mon Apr 06 07:28:09 UTC 2026","passed","Mon Apr 06 07:28:09 UTC 2026","","test_schema","",""
"","0","test_is_done_custom_statuses_case_insensitive","tests.unit","Mon Apr 06 07:28:09 UTC 2026","passed","Mon Apr 06 07:28:09 UTC 2026","","test_metrics","",""
"","0","test_get_story_points_nested_value_dict","tests.unit","Mon Apr 06 07:28:09 UTC 2026","passed","Mon Apr 06 07:28:09 UTC 2026","","test_metrics","",""
"","34","test_html_dau_shows_team_avg","tests.component","Mon Apr 06 07:27:58 UTC 2026","passed","Mon Apr 06 07:27:58 UTC 2026","","test_dau_report","",""
"URL and email fields are populated from the server config on load.","132","test_fields_prepopulated_from_server_config[chromium]","tests.e2e","Mon Apr 06 07:28:31 UTC 2026","passed","Mon Apr 06 07:28:31 UTC 2026","","test_e2e_connection","",""
"","0","test_compute_velocity_missing_sprint_id","tests.unit","Mon Apr 06 07:28:09 UTC 2026","passed","Mon Apr 06 07:28:09 UTC 2026","","test_metrics","",""
"","1","test_build_schema_from_fields_preserves_team_jql_name","tests.unit","Mon Apr 06 07:28:09 UTC 2026","passed","Mon Apr 06 07:28:09 UTC 2026","","test_schema","",""
"","25","test_get_root_returns_200","tests.component","Mon Apr 06 07:28:00 UTC 2026","passed","Mon Apr 06 07:28:00 UTC 2026","","test_server","",""
"","1","test_breakdown_sorted_descending_by_count","tests.unit","Mon Apr 06 07:28:08 UTC 2026","passed","Mon Apr 06 07:28:08 UTC 2026","","test_dau_metrics","",""
"_build_jql_from_params() produces correct JQL clauses for each param combination.","1","test_build_jql_from_params[params5-type IN (Story, Bug)-None]","tests.unit","Mon Apr 06 07:28:09 UTC 2026","passed","Mon Apr 06 07:28:09 UTC 2026","","test_filter_handlers","",""
"","0","test_compute_velocity_no_issues","tests.unit","Mon Apr 06 07:28:09 UTC 2026","passed","Mon Apr 06 07:28:09 UTC 2026","","test_metrics","",""
"","0","test_get_active_schema_no_file_returns_hardcoded_default","tests.unit","Mon Apr 06 07:28:09 UTC 2026","passed","Mon Apr 06 07:28:09 UTC 2026","","test_schema","",""
"","0","test_is_done[Closed-True]","tests.unit","Mon Apr 06 07:28:09 UTC 2026","passed","Mon Apr 06 07:28:09 UTC 2026","","test_metrics","",""
"Badge shows 'Certificate expired' (error) when cert exists but valid=false.","138","test_cert_badge_shows_expired_when_cert_invalid[chromium]","tests.e2e","Mon Apr 06 07:28:41 UTC 2026","passed","Mon Apr 06 07:28:41 UTC 2026","","test_e2e_connection","",""
"","0","test_success_level_name_registered","tests.unit","Mon Apr 06 07:28:09 UTC 2026","passed","Mon Apr 06 07:28:09 UTC 2026","","test_logging_setup","",""
"","0","test_issue_factory_matches_is_done_expectations","tests.component","Mon Apr 06 07:27:58 UTC 2026","passed","Mon Apr 06 07:27:58 UTC 2026","","test_contracts","",""
"","0","test_timestamp_folder_name_none","tests.unit","Mon Apr 06 07:28:09 UTC 2026","passed","Mon Apr 06 07:28:09 UTC 2026","","test_main_helpers","",""
"_handle_post_filter() appends a new entry and returns updated=False.","1","test_post_filter_creates_new_entry","tests.unit","Mon Apr 06 07:28:09 UTC 2026","passed","Mon Apr 06 07:28:09 UTC 2026","","test_filter_handlers","",""
"Import main.py via importlib without executing it — confirms 'from app import ...' resolves.","0","test_main_imports_resolve","tests.unit","Mon Apr 06 07:28:09 UTC 2026","passed","Mon Apr 06 07:28:09 UTC 2026","","test_imports","",""
"","32","test_velocity_section_hidden_when_section_visibility_false","tests.component","Mon Apr 06 07:27:59 UTC 2026","passed","Mon Apr 06 07:27:59 UTC 2026","","test_report_html","",""
"","1","test_get_schema_detail_returns_saved_schema_json","tests.unit","Mon Apr 06 07:28:09 UTC 2026","passed","Mon Apr 06 07:28:09 UTC 2026","","test_server_handlers","",""
"","1","test_build_metrics_dict_with_schema","tests.unit","Mon Apr 06 07:28:09 UTC 2026","passed","Mon Apr 06 07:28:09 UTC 2026","","test_metrics","",""
"","0","test_setup_logging_attaches_file_handler","tests.unit","Mon Apr 06 07:28:09 UTC 2026","passed","Mon Apr 06 07:28:09 UTC 2026","","test_logging_setup","",""
"GET /api/reports with an empty directory returns {""reports"": []}.","1","test_get_reports_returns_empty_list_when_no_reports","tests.component","Mon Apr 06 07:28:07 UTC 2026","passed","Mon Apr 06 07:28:07 UTC 2026","","test_server","",""
"Saving a filter with valid inputs shows JQL and adds to list.","276","test_save_filter_success[chromium]","tests.e2e","Mon Apr 06 07:28:52 UTC 2026","passed","Mon Apr 06 07:28:53 UTC 2026","","test_e2e_ui","",""
"Page loads with the correct <title> and <h1>.","74","test_survey_page_loads_with_title[chromium]","tests.e2e","Mon Apr 06 07:28:23 UTC 2026","passed","Mon Apr 06 07:28:24 UTC 2026","","test_dau_survey_ui","",""
"","0","test_build_schema_from_fields_detects_story_points_by_name","tests.unit","Mon Apr 06 07:28:09 UTC 2026","passed","Mon Apr 06 07:28:09 UTC 2026","","test_schema","",""
"","1","test_env_bool_values[yes-True]","tests.unit","Mon Apr 06 07:28:08 UTC 2026","passed","Mon Apr 06 07:28:08 UTC 2026","","test_config","",""
"All three fields are empty when server config returns no values.","129","test_fields_empty_when_config_not_configured[chromium]","tests.e2e","Mon Apr 06 07:28:31 UTC 2026","passed","Mon Apr 06 07:28:31 UTC 2026","","test_e2e_connection","",""
"python main.py with empty env → exit 1, stderr contains error.","286","test_cli_no_credentials_via_subprocess","tests.integration","Mon Apr 06 07:28:01 UTC 2026","passed","Mon Apr 06 07:28:01 UTC 2026","","test_cli_server","",""
"5.0 + 3.5 + 1.5 = 10.0 / 3 ≈ 3.33","1","test_mixed_scores_correct_avg","tests.unit","Mon Apr 06 07:28:08 UTC 2026","passed","Mon Apr 06 07:28:08 UTC 2026","","test_dau_metrics","",""
"Editing the URL field after a successful test resets connectedOk and disables Save.","323","test_save_disabled_after_editing_url_following_success[chromium]","tests.e2e","Mon Apr 06 07:28:34 UTC 2026","passed","Mon Apr 06 07:28:35 UTC 2026","","test_e2e_connection","",""
"","1","test_validate_config_missing_email","tests.unit","Mon Apr 06 07:28:08 UTC 2026","passed","Mon Apr 06 07:28:08 UTC 2026","","test_config","",""
"_handle_generate() merges the selected filter's JIRA_PROJECT and JIRA_TEAM_ID into env.","1","test_generate_applies_filter_params_to_subprocess_env","tests.unit","Mon Apr 06 07:28:09 UTC 2026","passed","Mon Apr 06 07:28:09 UTC 2026","","test_filter_handlers","",""
"","0","test_get_done_statuses","tests.unit","Mon Apr 06 07:28:09 UTC 2026","passed","Mon Apr 06 07:28:09 UTC 2026","","test_schema","",""
"","2","test_validate_config_warns_trailing_slash","tests.unit","Mon Apr 06 07:28:08 UTC 2026","passed","Mon Apr 06 07:28:08 UTC 2026","","test_config","",""
"","0","test_parse_iso[-False]","tests.unit","Mon Apr 06 07:28:09 UTC 2026","passed","Mon Apr 06 07:28:09 UTC 2026","","test_metrics","",""
"","1","test_metric_toggles_explicit_false","tests.unit","Mon Apr 06 07:28:08 UTC 2026","passed","Mon Apr 06 07:28:08 UTC 2026","","test_config","",""
"Filling valid inputs, testing connection, then clicking Save shows confirmation flash.","341","test_save_connection_valid_inputs[chromium]","tests.e2e","Mon Apr 06 07:28:50 UTC 2026","passed","Mon Apr 06 07:28:50 UTC 2026","","test_e2e_ui","",""
"","0","test_get_done_issue_keys_respects_max_count","tests.unit","Mon Apr 06 07:28:09 UTC 2026","passed","Mon Apr 06 07:28:09 UTC 2026","","test_metrics","",""
"","0","test_dau_section_hidden_when_section_visibility_false","tests.component","Mon Apr 06 07:28:00 UTC 2026","passed","Mon Apr 06 07:28:00 UTC 2026","","test_report_md","",""
"","32","test_file_created","tests.component","Mon Apr 06 07:27:59 UTC 2026","passed","Mon Apr 06 07:27:59 UTC 2026","","test_report_html","",""
"","1","test_env_bool_values[no-False]","tests.unit","Mon Apr 06 07:28:08 UTC 2026","passed","Mon Apr 06 07:28:08 UTC 2026","","test_config","",""
"When saving with a newly typed token, the POST payload contains the typed token verbatim.

    The server pre-loads URL and email (JIRA_API_TOKEN='***' → hasServerToken=true). The user
    types a new token, passes Test Connection, then saves. JIRA_API_TOKEN in the POST body must
    be the new token value, not '***'.
    ","317","test_save_with_new_token_sends_real_token[chromium]","tests.e2e","Mon Apr 06 07:28:37 UTC 2026","passed","Mon Apr 06 07:28:37 UTC 2026","","test_e2e_connection","",""
"","1","test_delete_schema_rejects_invalid_filename","tests.unit","Mon Apr 06 07:28:09 UTC 2026","passed","Mon Apr 06 07:28:09 UTC 2026","","test_server_handlers","",""
"","36","test_html_has_dau_section_when_data_present","tests.component","Mon Apr 06 07:27:58 UTC 2026","passed","Mon Apr 06 07:27:58 UTC 2026","","test_dau_report","",""
"","0","test_get_story_points_numeric_float","tests.unit","Mon Apr 06 07:28:09 UTC 2026","passed","Mon Apr 06 07:28:09 UTC 2026","","test_metrics","",""
"","0","test_templates_dir_exists","tests.component","Mon Apr 06 07:27:59 UTC 2026","passed","Mon Apr 06 07:27:59 UTC 2026","","test_report_html","",""
"Metric toggle state persists across page reloads via localStorage (RG-MT-005).","1034","test_metric_toggles_persist_in_localstorage[chromium]","tests.e2e","Mon Apr 06 07:29:03 UTC 2026","passed","Mon Apr 06 07:29:04 UTC 2026","","test_e2e_ui","",""
"","0","test_get_issue_with_changelog_expand_param","tests.unit","Mon Apr 06 07:28:09 UTC 2026","passed","Mon Apr 06 07:28:09 UTC 2026","","test_jira_client","",""
"Clicking Test Connection with empty fields shows validation errors via badge.","196","test_validation_error_empty_fields[chromium]","tests.e2e","Mon Apr 06 07:28:50 UTC 2026","passed","Mon Apr 06 07:28:50 UTC 2026","","test_e2e_ui","",""
"","1","test_get_active_schema_falls_back_to_default","tests.unit","Mon Apr 06 07:28:09 UTC 2026","passed","Mon Apr 06 07:28:09 UTC 2026","","test_schema","",""
"DELETE /api/schemas?name=<default> refuses deletion.","1","test_delete_default_schema_returns_400","tests.component","Mon Apr 06 07:28:15 UTC 2026","passed","Mon Apr 06 07:28:15 UTC 2026","","test_server","",""
"","0","test_load_schemas_missing_file","tests.unit","Mon Apr 06 07:28:09 UTC 2026","passed","Mon Apr 06 07:28:09 UTC 2026","","test_schema","",""
"","1","test_handle_test_connection_uses_custom_ssl_context","tests.unit","Mon Apr 06 07:28:09 UTC 2026","passed","Mon Apr 06 07:28:09 UTC 2026","","test_server_handlers","",""
"","0","test_get_in_progress_statuses_defaults","tests.unit","Mon Apr 06 07:28:09 UTC 2026","passed","Mon Apr 06 07:28:09 UTC 2026","","test_schema","",""
"Clicking submit replaces the form with the confirmation screen.","153","test_submit_hides_form_and_shows_confirmation[chromium]","tests.e2e","Mon Apr 06 07:28:26 UTC 2026","passed","Mon Apr 06 07:28:26 UTC 2026","","test_dau_survey_ui","",""
"","1","test_post_schema_returns_jira_error_when_fields_request_fails","tests.unit","Mon Apr 06 07:28:09 UTC 2026","passed","Mon Apr 06 07:28:09 UTC 2026","","test_server_handlers","",""
"","1","test_three_response_files_counted","tests.unit","Mon Apr 06 07:28:08 UTC 2026","passed","Mon Apr 06 07:28:08 UTC 2026","","test_dau_metrics","",""
"","33","test_velocity_totals_row_present","tests.component","Mon Apr 06 07:27:59 UTC 2026","passed","Mon Apr 06 07:27:59 UTC 2026","","test_report_html","",""
"After submit the mocked FS receives valid JSON with all required fields.","156","test_submit_writes_valid_json_to_mocked_fs[chromium]","tests.e2e","Mon Apr 06 07:28:26 UTC 2026","passed","Mon Apr 06 07:28:27 UTC 2026","","test_dau_survey_ui","",""
"_serve_file must suppress all _CLIENT_DISCONNECT exceptions during write.","1","test_serve_file_catches_client_disconnect[BrokenPipeError]","tests.unit","Mon Apr 06 07:28:09 UTC 2026","passed","Mon Apr 06 07:28:09 UTC 2026","","test_server_handlers","",""
"_handle_delete_filter('default_jira_filter') returns ok=False.","1","test_delete_default_filter_is_blocked","tests.unit","Mon Apr 06 07:28:09 UTC 2026","passed","Mon Apr 06 07:28:09 UTC 2026","","test_filter_handlers","",""
"","1","test_md_dau_trend_absent_when_empty","tests.component","Mon Apr 06 07:27:58 UTC 2026","passed","Mon Apr 06 07:27:58 UTC 2026","","test_dau_report","",""
"Clicking Remove on a user filter calls DELETE and re-renders the list without that entry.","289","test_remove_filter_updates_list[chromium]","tests.e2e","Mon Apr 06 07:28:47 UTC 2026","passed","Mon Apr 06 07:28:47 UTC 2026","","test_e2e_filters","",""
"","1","test_get_sprints_empty","tests.unit","Mon Apr 06 07:28:09 UTC 2026","passed","Mon Apr 06 07:28:09 UTC 2026","","test_jira_client","",""
"Badge shows 'Error' and mentions access denied for a 403 response.","288","test_badge_shows_error_on_403[chromium]","tests.e2e","Mon Apr 06 07:28:33 UTC 2026","passed","Mon Apr 06 07:28:33 UTC 2026","","test_e2e_connection","",""
"","0","test_create_client_uses_config_values","tests.unit","Mon Apr 06 07:28:09 UTC 2026","passed","Mon Apr 06 07:28:09 UTC 2026","","test_jira_client","",""
"A filter written via POST is returned by a fresh server instance reading the same file.","3","test_filter_persists_across_server_restart","tests.component","Mon Apr 06 07:28:20 UTC 2026","passed","Mon Apr 06 07:28:20 UTC 2026","","test_server_filters","",""
"Single-character username triggers the 'at least 2 characters' error.","69","test_username_too_short_shows_error[chromium]","tests.e2e","Mon Apr 06 07:28:25 UTC 2026","passed","Mon Apr 06 07:28:25 UTC 2026","","test_dau_survey_ui","",""
"When JIRA_API_TOKEN is saved on the server ('***') and the user leaves the token field
    empty, Test Connection proceeds (hasServerToken=true bypasses the empty-token guard) and
    Save POSTs '***' as JIRA_API_TOKEN — signaling the server to keep the existing stored token.
    ","325","test_save_with_server_token_sends_star_token[chromium]","tests.e2e","Mon Apr 06 07:28:38 UTC 2026","passed","Mon Apr 06 07:28:38 UTC 2026","","test_e2e_connection","",""
"No credentials → exit 1 with error message.","1","test_main_pipeline_config_fail","tests.integration","Mon Apr 06 07:28:02 UTC 2026","passed","Mon Apr 06 07:28:02 UTC 2026","","test_integration","",""
"","2","test_jira_url_trailing_slash_stripped","tests.unit","Mon Apr 06 07:28:08 UTC 2026","passed","Mon Apr 06 07:28:08 UTC 2026","","test_config","",""
"","0","test_parse_iso[2026-03-01T10:00:00+00:00-True]","tests.unit","Mon Apr 06 07:28:09 UTC 2026","passed","Mon Apr 06 07:28:09 UTC 2026","","test_metrics","",""
"Save stays disabled when token is empty even after a successful test (all fields required).","187","test_save_not_enabled_when_token_missing_despite_success[chromium]","tests.e2e","Mon Apr 06 07:28:36 UTC 2026","passed","Mon Apr 06 07:28:36 UTC 2026","","test_e2e_connection","",""
"","1","test_main_returns_1_when_config_invalid","tests.unit","Mon Apr 06 07:28:08 UTC 2026","passed","Mon Apr 06 07:28:08 UTC 2026","","test_cli","",""
"Submit button is disabled before any fields are filled.","54","test_submit_button_initially_disabled[chromium]","tests.e2e","Mon Apr 06 07:28:24 UTC 2026","passed","Mon Apr 06 07:28:24 UTC 2026","","test_dau_survey_ui","",""
"Editing the email field after a successful test resets connectedOk and disables Save.","302","test_save_disabled_after_editing_email_following_success[chromium]","tests.e2e","Mon Apr 06 07:28:35 UTC 2026","passed","Mon Apr 06 07:28:35 UTC 2026","","test_e2e_connection","",""
"_handle_cert_status returns exists=True plus all validity fields when cert parses OK.","1","test_handle_cert_status_returns_validity_fields_for_valid_cert","tests.unit","Mon Apr 06 07:28:09 UTC 2026","passed","Mon Apr 06 07:28:09 UTC 2026","","test_server_handlers","",""
"","0","test_import_app_metrics","tests.unit","Mon Apr 06 07:28:09 UTC 2026","passed","Mon Apr 06 07:28:09 UTC 2026","","test_imports","",""
"Clicking Fetch Certificate without a Jira URL shows a warning in the cert log.","152","test_fetch_cert_requires_url_to_be_filled[chromium]","tests.e2e","Mon Apr 06 07:28:42 UTC 2026","passed","Mon Apr 06 07:28:43 UTC 2026","","test_e2e_connection","",""
"","0","test_is_done_missing_fields","tests.unit","Mon Apr 06 07:28:09 UTC 2026","passed","Mon Apr 06 07:28:09 UTC 2026","","test_metrics","",""
"When POST /api/fetch-cert returns ok=false, the error message appears in the cert log.","193","test_fetch_cert_failure_shows_error_in_log[chromium]","tests.e2e","Mon Apr 06 07:28:43 UTC 2026","passed","Mon Apr 06 07:28:43 UTC 2026","","test_e2e_connection","",""
"Clicking Fetch Certificate logs success and updates the badge to 'Valid'.","193","test_fetch_cert_button_success[chromium]","tests.e2e","Mon Apr 06 07:28:59 UTC 2026","passed","Mon Apr 06 07:28:59 UTC 2026","","test_e2e_ui","",""
"","0","test_get_story_points_missing_field","tests.unit","Mon Apr 06 07:28:09 UTC 2026","passed","Mon Apr 06 07:28:09 UTC 2026","","test_metrics","",""
"","1","test_ai_trend_exclude_labels","tests.unit","Mon Apr 06 07:28:09 UTC 2026","passed","Mon Apr 06 07:28:09 UTC 2026","","test_metrics","",""
"Save button stays disabled when Test Connection returns an error.","292","test_save_remains_disabled_after_failed_test_connection[chromium]","tests.e2e","Mon Apr 06 07:28:34 UTC 2026","passed","Mon Apr 06 07:28:34 UTC 2026","","test_e2e_connection","",""
"","0","test_setup_logging_returns_logger_and_path","tests.unit","Mon Apr 06 07:28:09 UTC 2026","passed","Mon Apr 06 07:28:09 UTC 2026","","test_logging_setup","",""
"","1","test_post_schema_requires_saved_jira_credentials","tests.unit","Mon Apr 06 07:28:09 UTC 2026","passed","Mon Apr 06 07:28:09 UTC 2026","","test_server_handlers","",""
"URL and email fields are re-populated from server config after a page reload.","224","test_saved_credentials_prefill_on_reload[chromium]","tests.e2e","Mon Apr 06 07:28:40 UTC 2026","passed","Mon Apr 06 07:28:40 UTC 2026","","test_e2e_connection","",""
"","1","test_jira_url_no_trailing_slash_unchanged","tests.unit","Mon Apr 06 07:28:08 UTC 2026","passed","Mon Apr 06 07:28:08 UTC 2026","","test_config","",""
"","0","test_get_board_id_from_api","tests.unit","Mon Apr 06 07:28:09 UTC 2026","passed","Mon Apr 06 07:28:09 UTC 2026","","test_jira_client","",""
"","0","test_build_metrics_dict_has_all_expected_keys","tests.component","Mon Apr 06 07:27:58 UTC 2026","passed","Mon Apr 06 07:27:58 UTC 2026","","test_contracts","",""
"","0","test_delete_schema_refuses_default","tests.unit","Mon Apr 06 07:28:09 UTC 2026","passed","Mon Apr 06 07:28:09 UTC 2026","","test_schema","",""
"","0","test_get_active_schema_hardcoded_uses_builtin_story_points","tests.unit","Mon Apr 06 07:28:09 UTC 2026","passed","Mon Apr 06 07:28:09 UTC 2026","","test_schema","",""
"DELETE /api/schemas?name=Ghost returns 404.","1","test_delete_nonexistent_schema_returns_404","tests.component","Mon Apr 06 07:28:16 UTC 2026","passed","Mon Apr 06 07:28:16 UTC 2026","","test_server","",""
"GET /api/cert-status when no cert file exists returns exists=False with path key.","1","test_cert_status_no_cert_returns_exists_false","tests.component","Mon Apr 06 07:28:08 UTC 2026","passed","Mon Apr 06 07:28:08 UTC 2026","","test_server","",""
"","0","test_parse_args_clean_flag","tests.unit","Mon Apr 06 07:28:09 UTC 2026","passed","Mon Apr 06 07:28:09 UTC 2026","","test_main_helpers","",""
"","0","test_md_table_data_row","tests.component","Mon Apr 06 07:28:00 UTC 2026","passed","Mon Apr 06 07:28:00 UTC 2026","","test_report_md","",""
"_handle_post_filter() returns ok=False when JIRA_PROJECT is missing or blank.","1","test_post_filter_rejects_blank_project","tests.unit","Mon Apr 06 07:28:09 UTC 2026","passed","Mon Apr 06 07:28:09 UTC 2026","","test_filter_handlers","",""
"The 'url' keyword passed to Jira() must be exactly the configured JIRA_URL.","0","test_create_client_url_kwarg_matches_config_exactly","tests.unit","Mon Apr 06 07:28:09 UTC 2026","passed","Mon Apr 06 07:28:09 UTC 2026","","test_jira_client","",""
"","0","test_md_table_separator_row","tests.component","Mon Apr 06 07:28:00 UTC 2026","passed","Mon Apr 06 07:28:00 UTC 2026","","test_report_md","",""
"","0","test_parse_iso[not-a-date-False]","tests.unit","Mon Apr 06 07:28:09 UTC 2026","passed","Mon Apr 06 07:28:09 UTC 2026","","test_metrics","",""
"","0","test_get_board_id_no_boards_raises","tests.unit","Mon Apr 06 07:28:09 UTC 2026","passed","Mon Apr 06 07:28:09 UTC 2026","","test_jira_client","",""
"_build_jql_from_params() produces correct JQL clauses for each param combination.","1","test_build_jql_from_params[params0-project = PROJ-None]","tests.unit","Mon Apr 06 07:28:09 UTC 2026","passed","Mon Apr 06 07:28:09 UTC 2026","","test_filter_handlers","",""
"","33","test_ai_assistance_section_hidden_when_section_visibility_false","tests.component","Mon Apr 06 07:27:59 UTC 2026","passed","Mon Apr 06 07:27:59 UTC 2026","","test_report_html","",""
"","0","test_import_app_jira_client","tests.unit","Mon Apr 06 07:28:09 UTC 2026","passed","Mon Apr 06 07:28:09 UTC 2026","","test_imports","",""
"Badge shows 'No certificate' (neutral) when /api/cert-status returns exists=false.","126","test_cert_badge_shows_no_certificate_when_no_cert[chromium]","tests.e2e","Mon Apr 06 07:28:40 UTC 2026","passed","Mon Apr 06 07:28:41 UTC 2026","","test_e2e_connection","",""
"Generate button is disabled when all metric checkboxes are unchecked (RG-MT-006).","547","test_generate_button_disabled_when_all_metrics_unchecked[chromium]","tests.e2e","Mon Apr 06 07:29:04 UTC 2026","passed","Mon Apr 06 07:29:05 UTC 2026","","test_e2e_ui","",""
"","1","test_import_app_report_md","tests.unit","Mon Apr 06 07:28:09 UTC 2026","passed","Mon Apr 06 07:28:09 UTC 2026","","test_imports","",""
"Parse report.html.j2 for metrics.X references and verify they exist in build_metrics_dict output.","1","test_template_variables_exist_in_metrics_dict","tests.component","Mon Apr 06 07:27:58 UTC 2026","passed","Mon Apr 06 07:27:58 UTC 2026","","test_contracts","",""
"","1","test_run_defaults_host_to_loopback","tests.unit","Mon Apr 06 07:28:09 UTC 2026","passed","Mon Apr 06 07:28:09 UTC 2026","","test_server_handlers","",""
"","2","test_validate_config_all_missing","tests.unit","Mon Apr 06 07:28:08 UTC 2026","passed","Mon Apr 06 07:28:08 UTC 2026","","test_config","",""
"","1","test_load_schemas_returns_list_from_file","tests.unit","Mon Apr 06 07:28:09 UTC 2026","passed","Mon Apr 06 07:28:09 UTC 2026","","test_schema","",""
"Reports list shows only HTML links, no MD files (RG-RO-003).","98","test_reports_list_links_only_html[chromium]","tests.e2e","Mon Apr 06 07:29:05 UTC 2026","passed","Mon Apr 06 07:29:05 UTC 2026","","test_e2e_ui","",""
"","1","test_fetch_cert_parses_custom_port","tests.integration","Mon Apr 06 07:28:02 UTC 2026","passed","Mon Apr 06 07:28:02 UTC 2026","","test_fetch_ssl_cert","",""
"","32","test_ai_usage_section_hidden_when_section_visibility_false","tests.component","Mon Apr 06 07:27:59 UTC 2026","passed","Mon Apr 06 07:27:59 UTC 2026","","test_report_html","",""
"","1","test_get_index_html_returns_200","tests.component","Mon Apr 06 07:28:00 UTC 2026","passed","Mon Apr 06 07:28:00 UTC 2026","","test_server","",""
"","2","test_jira_ssl_cert_returns_true_when_no_file","tests.unit","Mon Apr 06 07:28:08 UTC 2026","passed","Mon Apr 06 07:28:08 UTC 2026","","test_config","",""
"Badge shows 'Error' and mentions authentication failure for a 401 response.","291","test_badge_shows_error_on_401[chromium]","tests.e2e","Mon Apr 06 07:28:32 UTC 2026","passed","Mon Apr 06 07:28:33 UTC 2026","","test_e2e_connection","",""
"","1","test_handle_test_connection_returns_user_details_on_success","tests.unit","Mon Apr 06 07:28:09 UTC 2026","passed","Mon Apr 06 07:28:09 UTC 2026","","test_server_handlers","",""
"","0","test_bar_chart_present_when_velocity_nonzero","tests.component","Mon Apr 06 07:28:00 UTC 2026","passed","Mon Apr 06 07:28:00 UTC 2026","","test_report_md","",""
"Badge shows 'Valid' (success) when cert exists, is valid, and expires in > 7 days.","136","test_cert_badge_shows_valid_when_cert_valid[chromium]","tests.e2e","Mon Apr 06 07:28:41 UTC 2026","passed","Mon Apr 06 07:28:41 UTC 2026","","test_e2e_connection","",""
"","1","test_delete_schema_returns_404_when_missing","tests.unit","Mon Apr 06 07:28:09 UTC 2026","passed","Mon Apr 06 07:28:09 UTC 2026","","test_server_handlers","",""
"Files not matching dau_*.json should not be read.","1","test_non_dau_files_are_ignored","tests.unit","Mon Apr 06 07:28:08 UTC 2026","passed","Mon Apr 06 07:28:08 UTC 2026","","test_dau_metrics","",""
"","0","test_is_done[-False]","tests.unit","Mon Apr 06 07:28:09 UTC 2026","passed","Mon Apr 06 07:28:09 UTC 2026","","test_metrics","",""
"","1","test_get_issues_for_sprint_single_page","tests.unit","Mon Apr 06 07:28:09 UTC 2026","passed","Mon Apr 06 07:28:09 UTC 2026","","test_jira_client","",""
"","0","test_compute_velocity_rounding","tests.unit","Mon Apr 06 07:28:09 UTC 2026","passed","Mon Apr 06 07:28:09 UTC 2026","","test_metrics","",""
"","0","test_delete_schema_not_found","tests.unit","Mon Apr 06 07:28:09 UTC 2026","passed","Mon Apr 06 07:28:09 UTC 2026","","test_schema","",""
"","1","test_main_clean_removes_reports","tests.integration","Mon Apr 06 07:28:02 UTC 2026","passed","Mon Apr 06 07:28:02 UTC 2026","","test_integration","",""
"","0","test_dedup_different_weeks_kept_separate","tests.unit","Mon Apr 06 07:28:08 UTC 2026","passed","Mon Apr 06 07:28:08 UTC 2026","","test_dau_metrics","",""
"Save Filter with empty fields shows error in filter log.","190","test_save_filter_missing_required_fields[chromium]","tests.e2e","Mon Apr 06 07:28:52 UTC 2026","passed","Mon Apr 06 07:28:52 UTC 2026","","test_e2e_ui","",""
"","0","test_build_metrics_dict_keys","tests.unit","Mon Apr 06 07:28:09 UTC 2026","passed","Mon Apr 06 07:28:09 UTC 2026","","test_metrics","",""
"ArrowDown key moves selection from the first to the second radio card.","71","test_radio_card_keyboard_navigation[chromium]","tests.e2e","Mon Apr 06 07:28:26 UTC 2026","passed","Mon Apr 06 07:28:26 UTC 2026","","test_dau_survey_ui","",""
"","2","test_estimation_type_default_story_points","tests.unit","Mon Apr 06 07:28:08 UTC 2026","passed","Mon Apr 06 07:28:08 UTC 2026","","test_config","",""
"","2","test_ai_assisted_label_default","tests.unit","Mon Apr 06 07:28:08 UTC 2026","passed","Mon Apr 06 07:28:08 UTC 2026","","test_config","",""
"The Jira URL label has a visible red asterisk marking it as required.","132","test_required_star_visible_on_jira_url_label[chromium]","tests.e2e","Mon Apr 06 07:28:29 UTC 2026","passed","Mon Apr 06 07:28:29 UTC 2026","","test_e2e_connection","",""
"","1","test_build_metrics_dict_includes_dau_key","tests.unit","Mon Apr 06 07:28:08 UTC 2026","passed","Mon Apr 06 07:28:08 UTC 2026","","test_dau_metrics","",""
"Clear button empties the log output panel.","1194","test_log_clear_button[chromium]","tests.e2e","Mon Apr 06 07:28:57 UTC 2026","passed","Mon Apr 06 07:28:58 UTC 2026","","test_e2e_ui","",""
"","32","test_doctype_present","tests.component","Mon Apr 06 07:27:59 UTC 2026","passed","Mon Apr 06 07:27:59 UTC 2026","","test_report_html","",""
"","1","test_post_unknown_returns_404","tests.component","Mon Apr 06 07:28:05 UTC 2026","passed","Mon Apr 06 07:28:05 UTC 2026","","test_server","",""
"_serve_file must suppress all _CLIENT_DISCONNECT exceptions during write.","1","test_serve_file_catches_client_disconnect[ConnectionResetError]","tests.unit","Mon Apr 06 07:28:09 UTC 2026","passed","Mon Apr 06 07:28:09 UTC 2026","","test_server_handlers","",""
"","0","test_get_sprints_capped_at_sprint_count","tests.unit","Mon Apr 06 07:28:09 UTC 2026","passed","Mon Apr 06 07:28:09 UTC 2026","","test_jira_client","",""
"On page load with an empty filter-name field, the input is set to Default_Jira_Filter_<YYYY-MM-DD>.","187","test_filter_name_prepopulated_on_empty_load[chromium]","tests.e2e","Mon Apr 06 07:28:45 UTC 2026","passed","Mon Apr 06 07:28:45 UTC 2026","","test_e2e_filters","",""
"Editing the token field after a successful test resets connectedOk and disables Save.","303","test_save_disabled_after_editing_token_following_success[chromium]","tests.e2e","Mon Apr 06 07:28:35 UTC 2026","passed","Mon Apr 06 07:28:36 UTC 2026","","test_e2e_connection","",""
"","1","test_get_issues_for_sprint_empty","tests.unit","Mon Apr 06 07:28:09 UTC 2026","passed","Mon Apr 06 07:28:09 UTC 2026","","test_jira_client","",""
"","1","test_ai_action_labels_parsed","tests.unit","Mon Apr 06 07:28:08 UTC 2026","passed","Mon Apr 06 07:28:08 UTC 2026","","test_config","",""
"","32","test_html_dau_trend_absent_when_empty","tests.component","Mon Apr 06 07:27:59 UTC 2026","passed","Mon Apr 06 07:27:59 UTC 2026","","test_dau_report","",""
"_load_filters() returns exactly one default entry with the correct name and params.","55","test_default_filter_entry_is_present_and_correct","tests.unit","Mon Apr 06 07:28:08 UTC 2026","passed","Mon Apr 06 07:28:09 UTC 2026","","test_filter_handlers","",""
"","0","test_get_labels_empty_list","tests.unit","Mon Apr 06 07:28:09 UTC 2026","passed","Mon Apr 06 07:28:09 UTC 2026","","test_metrics","",""
"Clicking Save sends the correct JIRA_URL, JIRA_EMAIL, JIRA_API_TOKEN to POST /api/config.","335","test_save_posts_correct_payload[chromium]","tests.e2e","Mon Apr 06 07:28:36 UTC 2026","passed","Mon Apr 06 07:28:36 UTC 2026","","test_e2e_connection","",""
"","1","test_ai_trend_ai_labeled_done_issues","tests.unit","Mon Apr 06 07:28:09 UTC 2026","passed","Mon Apr 06 07:28:09 UTC 2026","","test_metrics","",""
"","0","test_ai_usage_details_shape","tests.component","Mon Apr 06 07:27:58 UTC 2026","passed","Mon Apr 06 07:27:58 UTC 2026","","test_contracts","",""
"","2","test_read_env_credentials_reads_values_from_env_file","tests.unit","Mon Apr 06 07:28:09 UTC 2026","passed","Mon Apr 06 07:28:09 UTC 2026","","test_server_handlers","",""
"","0","test_title_present","tests.component","Mon Apr 06 07:28:00 UTC 2026","passed","Mon Apr 06 07:28:00 UTC 2026","","test_report_md","",""
"","33","test_chart_script_absent_when_velocity_empty","tests.component","Mon Apr 06 07:27:59 UTC 2026","passed","Mon Apr 06 07:27:59 UTC 2026","","test_report_html","",""
"DELETE /api/filters/<slug> removes the entry; subsequent GET does not include it.","3","test_delete_filter_removes_entry","tests.component","Mon Apr 06 07:28:19 UTC 2026","passed","Mon Apr 06 07:28:19 UTC 2026","","test_server_filters","",""
"","1","test_validate_config_missing_token","tests.unit","Mon Apr 06 07:28:08 UTC 2026","passed","Mon Apr 06 07:28:08 UTC 2026","","test_config","",""
"","0","test_load_dau_records_empty_dir","tests.unit","Mon Apr 06 07:28:08 UTC 2026","passed","Mon Apr 06 07:28:08 UTC 2026","","test_dau_metrics","",""
"","2","test_validate_config_all_set","tests.unit","Mon Apr 06 07:28:08 UTC 2026","passed","Mon Apr 06 07:28:08 UTC 2026","","test_config","",""
"","2","test_jira_ssl_cert_returns_path_when_file_exists","tests.unit","Mon Apr 06 07:28:08 UTC 2026","passed","Mon Apr 06 07:28:08 UTC 2026","","test_config","",""
"","0","test_fetch_cert_exits_when_url_empty","tests.integration","Mon Apr 06 07:28:02 UTC 2026","passed","Mon Apr 06 07:28:02 UTC 2026","","test_fetch_ssl_cert","",""
"","0","test_setup_logging_sets_debug_level","tests.unit","Mon Apr 06 07:28:09 UTC 2026","passed","Mon Apr 06 07:28:09 UTC 2026","","test_logging_setup","",""
"Email and API token must be masked.","0","test_sanitise_error_replaces_email_and_token","tests.unit","Mon Apr 06 07:28:09 UTC 2026","passed","Mon Apr 06 07:28:09 UTC 2026","","test_jira_client","",""
"","1","test_build_schema_from_fields_preserves_defaults_for_missing","tests.unit","Mon Apr 06 07:28:09 UTC 2026","passed","Mon Apr 06 07:28:09 UTC 2026","","test_schema","",""
"GET /api/reports returns folders sorted newest-first with ts/html/md keys.","2","test_get_reports_returns_sorted_list","tests.component","Mon Apr 06 07:28:08 UTC 2026","passed","Mon Apr 06 07:28:08 UTC 2026","","test_server","",""
"All required-star spans carry aria-hidden='true' (NFR-A-004).","94","test_decorative_icons_have_aria_hidden[chromium]","tests.e2e","Mon Apr 06 07:29:05 UTC 2026","passed","Mon Apr 06 07:29:06 UTC 2026","","test_e2e_ui","",""
"Start server.py subprocess on an OS-assigned port, poll until ready, GET / → 200.","280","test_server_health_check","tests.integration","Mon Apr 06 07:28:01 UTC 2026","passed","Mon Apr 06 07:28:02 UTC 2026","","test_cli_server","",""
"Eye button toggles token input between password and text.","202","test_token_show_hide_toggle[chromium]","tests.e2e","Mon Apr 06 07:28:51 UTC 2026","passed","Mon Apr 06 07:28:51 UTC 2026","","test_e2e_ui","",""
"Project type selection persists across page reloads via localStorage (RG-PT-004).","1001","test_project_type_persists_in_localstorage[chromium]","tests.e2e","Mon Apr 06 07:29:01 UTC 2026","passed","Mon Apr 06 07:29:02 UTC 2026","","test_e2e_ui","",""
"","0","test_ai_trend_row_has_required_keys","tests.component","Mon Apr 06 07:27:58 UTC 2026","passed","Mon Apr 06 07:27:58 UTC 2026","","test_contracts","",""
"","0","test_build_schema_from_fields_detects_sprint","tests.unit","Mon Apr 06 07:28:09 UTC 2026","passed","Mon Apr 06 07:28:09 UTC 2026","","test_schema","",""
"All three tab buttons are present in the tab bar.","94","test_all_three_tabs_visible[chromium]","tests.e2e","Mon Apr 06 07:28:48 UTC 2026","passed","Mon Apr 06 07:28:48 UTC 2026","","test_e2e_ui","",""
"","0","test_get_filter_jql_none","tests.unit","Mon Apr 06 07:28:09 UTC 2026","passed","Mon Apr 06 07:28:09 UTC 2026","","test_jira_client","",""
"AbortError from showDirectoryPicker leaves the form visible (DAU-F-012).","642","test_fs_api_abort_keeps_form_intact[chromium]","tests.e2e","Mon Apr 06 07:28:28 UTC 2026","passed","Mon Apr 06 07:28:28 UTC 2026","","test_dau_survey_ui","",""
"POST /api/schemas without schema_name returns 400.","2","test_post_schema_missing_name","tests.component","Mon Apr 06 07:28:13 UTC 2026","passed","Mon Apr 06 07:28:13 UTC 2026","","test_server","",""
"_load_filters() prepends the default entry at position 0 if the file has no is_default entry.","1","test_load_filters_injects_default_when_absent_from_file","tests.unit","Mon Apr 06 07:28:09 UTC 2026","passed","Mon Apr 06 07:28:09 UTC 2026","","test_filter_handlers","",""
"","0","test_get_field_jql_name_with_explicit_jql_name","tests.unit","Mon Apr 06 07:28:09 UTC 2026","passed","Mon Apr 06 07:28:09 UTC 2026","","test_schema","",""
"","32","test_project_key_shown_when_present","tests.component","Mon Apr 06 07:27:59 UTC 2026","passed","Mon Apr 06 07:27:59 UTC 2026","","test_report_html","",""
"A username stored in localStorage is pre-filled in the input on load.","52","test_username_restored_from_localstorage_on_page_load[chromium]","tests.e2e","Mon Apr 06 07:28:27 UTC 2026","passed","Mon Apr 06 07:28:27 UTC 2026","","test_dau_survey_ui","",""
"Username is persisted in localStorage when submit succeeds.","155","test_username_saved_to_localstorage_after_submit[chromium]","tests.e2e","Mon Apr 06 07:28:27 UTC 2026","passed","Mon Apr 06 07:28:27 UTC 2026","","test_dau_survey_ui","",""
"","1","test_get_story_points_with_custom_field","tests.unit","Mon Apr 06 07:28:09 UTC 2026","passed","Mon Apr 06 07:28:09 UTC 2026","","test_metrics","",""
"","1","test_filter_id_empty","tests.unit","Mon Apr 06 07:28:08 UTC 2026","passed","Mon Apr 06 07:28:08 UTC 2026","","test_config","",""
"MD report currently does not render AI usage details section.","0","test_md_report_no_ai_usage_section","tests.component","Mon Apr 06 07:28:00 UTC 2026","passed","Mon Apr 06 07:28:00 UTC 2026","","test_report_md","",""
"","1","test_env_bool_values[YES-True]","tests.unit","Mon Apr 06 07:28:08 UTC 2026","passed","Mon Apr 06 07:28:08 UTC 2026","","test_config","",""
"POST /api/fetch-cert with an unparseable hostname returns HTTP 400.","2","test_fetch_cert_invalid_url_returns_400","tests.component","Mon Apr 06 07:28:10 UTC 2026","passed","Mon Apr 06 07:28:10 UTC 2026","","test_server","",""
"","812","test_generate_returns_sse_content_type","tests.component","Mon Apr 06 07:28:05 UTC 2026","passed","Mon Apr 06 07:28:06 UTC 2026","","test_server","",""
"Username and password must be passed as separate kwargs, not embedded anywhere else.","2","test_create_client_credentials_in_auth_kwargs_only","tests.unit","Mon Apr 06 07:28:09 UTC 2026","passed","Mon Apr 06 07:28:09 UTC 2026","","test_jira_client","",""
"","1","test_parse_args_no_args","tests.unit","Mon Apr 06 07:28:09 UTC 2026","passed","Mon Apr 06 07:28:09 UTC 2026","","test_main_helpers","",""
"","0","test_is_done[To Do-False]","tests.unit","Mon Apr 06 07:28:09 UTC 2026","passed","Mon Apr 06 07:28:09 UTC 2026","","test_metrics","",""
"After a successful POST /api/fetch-cert, loadCertStatus re-runs and badge shows Valid.","295","test_fetch_cert_success_updates_badge[chromium]","tests.e2e","Mon Apr 06 07:28:43 UTC 2026","passed","Mon Apr 06 07:28:43 UTC 2026","","test_e2e_connection","",""
"POST /api/fetch-cert saves the PEM file with LF-only line endings (no CRLF on Windows).

    Ensures the write_bytes fix is effective: ssl.get_server_certificate returns a PEM
    string with \n endings; the saved bytes must not contain \r\n sequences, which would
    make cryptography fail to parse the cert on Windows.
    ","3","test_fetch_cert_saves_pem_without_crlf_line_endings","tests.component","Mon Apr 06 07:28:16 UTC 2026","passed","Mon Apr 06 07:28:16 UTC 2026","","test_server","",""
"After the user types into filter-name, switching tabs and returning does not reset the value.","278","test_filter_name_not_overwritten_after_user_edit[chromium]","tests.e2e","Mon Apr 06 07:28:45 UTC 2026","passed","Mon Apr 06 07:28:46 UTC 2026","","test_e2e_filters","",""
"Estimation type selection persists across page reloads via localStorage (RG-ET-004).","996","test_estimation_type_persists_in_localstorage[chromium]","tests.e2e","Mon Apr 06 07:29:02 UTC 2026","passed","Mon Apr 06 07:29:03 UTC 2026","","test_e2e_ui","",""
"","0","test_md_has_dau_heading_when_data_present","tests.component","Mon Apr 06 07:27:58 UTC 2026","passed","Mon Apr 06 07:27:58 UTC 2026","","test_dau_report","",""
"","1","test_is_done[In Progress-False]","tests.unit","Mon Apr 06 07:28:09 UTC 2026","passed","Mon Apr 06 07:28:09 UTC 2026","","test_metrics","",""
"ArrowRight on a focused tab activates the next tab.","184","test_keyboard_arrow_right_navigation[chromium]","tests.e2e","Mon Apr 06 07:28:49 UTC 2026","passed","Mon Apr 06 07:28:49 UTC 2026","","test_e2e_ui","",""
"When showDirectoryPicker is undefined the app uses browser download (DAU-F-011).","157","test_fs_api_unavailable_falls_back_to_download[chromium]","tests.e2e","Mon Apr 06 07:28:29 UTC 2026","passed","Mon Apr 06 07:28:29 UTC 2026","","test_dau_survey_ui","",""
"","49","test_ai_assistance_section_present","tests.component","Mon Apr 06 07:27:59 UTC 2026","passed","Mon Apr 06 07:27:59 UTC 2026","","test_report_html","",""
"","1","test_validate_cert_missing_file","tests.unit","Mon Apr 06 07:28:08 UTC 2026","passed","Mon Apr 06 07:28:08 UTC 2026","","test_cert_validation","",""
"","0","test_test_connection_invalid_json","tests.component","Mon Apr 06 07:28:02 UTC 2026","passed","Mon Apr 06 07:28:02 UTC 2026","","test_server","",""
"","2","test_env_bool_values[0-False]","tests.unit","Mon Apr 06 07:28:08 UTC 2026","passed","Mon Apr 06 07:28:08 UTC 2026","","test_config","",""
"","1","test_env_bool_values[-True]","tests.unit","Mon Apr 06 07:28:08 UTC 2026","passed","Mon Apr 06 07:28:08 UTC 2026","","test_config","",""
"","1","test_get_active_schema_by_name","tests.unit","Mon Apr 06 07:28:09 UTC 2026","passed","Mon Apr 06 07:28:09 UTC 2026","","test_schema","",""
"","33","test_filter_name_shown_when_present","tests.component","Mon Apr 06 07:27:59 UTC 2026","passed","Mon Apr 06 07:27:59 UTC 2026","","test_report_html","",""
"Username containing a space shows an inline error.","66","test_username_rejects_space[chromium]","tests.e2e","Mon Apr 06 07:28:25 UTC 2026","passed","Mon Apr 06 07:28:25 UTC 2026","","test_dau_survey_ui","",""
"_serve_file must suppress all _CLIENT_DISCONNECT exceptions during write.","1","test_serve_file_catches_client_disconnect[ConnectionAbortedError]","tests.unit","Mon Apr 06 07:28:09 UTC 2026","passed","Mon Apr 06 07:28:09 UTC 2026","","test_server_handlers","",""
"","0","test_ai_usage_dedup_across_sprints","tests.unit","Mon Apr 06 07:28:09 UTC 2026","passed","Mon Apr 06 07:28:09 UTC 2026","","test_metrics","",""
"DELETE /api/filters/default_jira_filter returns ok=False.","1","test_delete_default_filter_returns_error","tests.component","Mon Apr 06 07:28:18 UTC 2026","passed","Mon Apr 06 07:28:18 UTC 2026","","test_server_filters","",""
"Entries written by _save_filters() are returned by a fresh _load_filters() call.","2","test_filter_data_persists_across_loads","tests.unit","Mon Apr 06 07:28:09 UTC 2026","passed","Mon Apr 06 07:28:09 UTC 2026","","test_filter_handlers","",""
"","2","test_jira_schema_name_custom","tests.unit","Mon Apr 06 07:28:08 UTC 2026","passed","Mon Apr 06 07:28:08 UTC 2026","","test_config","",""
"","158","test_test_connection_valid_creds","tests.component","Mon Apr 06 07:28:03 UTC 2026","passed","Mon Apr 06 07:28:03 UTC 2026","","test_server","",""
"GET /api/cert-status with a corrupt (non-PEM) cert file returns exists=True and error key.","1","test_cert_status_with_corrupt_cert_returns_error","tests.component","Mon Apr 06 07:28:09 UTC 2026","passed","Mon Apr 06 07:28:09 UTC 2026","","test_server","",""
"","1","test_setup_logging_log_filename_matches_pattern","tests.unit","Mon Apr 06 07:28:09 UTC 2026","passed","Mon Apr 06 07:28:09 UTC 2026","","test_logging_setup","",""
"","1","test_sprint_count_custom","tests.unit","Mon Apr 06 07:28:08 UTC 2026","passed","Mon Apr 06 07:28:08 UTC 2026","","test_config","",""
"","1","test_get_board_id_from_config","tests.unit","Mon Apr 06 07:28:09 UTC 2026","passed","Mon Apr 06 07:28:09 UTC 2026","","test_jira_client","",""
"","1","test_metric_toggles_default_true","tests.unit","Mon Apr 06 07:28:08 UTC 2026","passed","Mon Apr 06 07:28:08 UTC 2026","","test_config","",""
"Full positive E2E: absent cert file (neutral badge) is a valid operational state.

    Steps: load Connection tab → badge shows 'No certificate' (neutral) → fill credentials
    → Test Connection succeeds → Save button enabled → save confirmation appears.
    Cert badge must remain neutral throughout — no cert is required for standard Jira Cloud.
    Covers JCR-SSL-007.
    ","353","test_positive_e2e_no_cert_is_acceptable_state[chromium]","tests.e2e","Mon Apr 06 07:28:44 UTC 2026","passed","Mon Apr 06 07:28:44 UTC 2026","","test_e2e_connection","",""
"When /api/cert-status reports a valid cert, the badge shows 'Valid'.","131","test_cert_status_badge_valid_cert[chromium]","tests.e2e","Mon Apr 06 07:28:58 UTC 2026","passed","Mon Apr 06 07:28:59 UTC 2026","","test_e2e_ui","",""
"Verify test-connection returns the expected JSON shape for an error response.","225","test_server_test_connection_json_shape","tests.integration","Mon Apr 06 07:28:02 UTC 2026","passed","Mon Apr 06 07:28:02 UTC 2026","","test_integration","",""
"","1","test_ai_exclude_labels_parsed","tests.unit","Mon Apr 06 07:28:08 UTC 2026","passed","Mon Apr 06 07:28:08 UTC 2026","","test_config","",""
"validate_cert() returns the full set of keys consumed by _handle_cert_status.","34","test_validate_cert_response_has_all_keys_when_valid","tests.component","Mon Apr 06 07:27:58 UTC 2026","passed","Mon Apr 06 07:27:58 UTC 2026","","test_contracts","",""
"GET /api/cert-status with a valid cert PEM returns all validity fields.","2","test_cert_status_with_valid_cert_returns_enriched_fields","tests.component","Mon Apr 06 07:28:09 UTC 2026","passed","Mon Apr 06 07:28:09 UTC 2026","","test_server","",""
"","0","test_compute_velocity_sprint_absent_from_issues_dict","tests.unit","Mon Apr 06 07:28:09 UTC 2026","passed","Mon Apr 06 07:28:09 UTC 2026","","test_metrics","",""
"main() must use ThreadPoolExecutor(max_workers=2) for parallel report generation.","1","test_main_generates_reports_in_parallel","tests.unit","Mon Apr 06 07:28:08 UTC 2026","passed","Mon Apr 06 07:28:08 UTC 2026","","test_cli","",""
"Non-AbortError from showDirectoryPicker silently falls back to download (DAU-F-013).","161","test_fs_api_non_abort_error_falls_back_to_download[chromium]","tests.e2e","Mon Apr 06 07:28:29 UTC 2026","passed","Mon Apr 06 07:28:29 UTC 2026","","test_dau_survey_ui","",""
"","1","test_fetch_cert_exits_on_ssl_error","tests.integration","Mon Apr 06 07:28:02 UTC 2026","passed","Mon Apr 06 07:28:02 UTC 2026","","test_fetch_ssl_cert","",""
"","1","test_create_client_returns_jira_instance","tests.unit","Mon Apr 06 07:28:09 UTC 2026","passed","Mon Apr 06 07:28:09 UTC 2026","","test_jira_client","",""
"A non-default user filter list item contains a Remove button.","143","test_user_filter_has_remove_button[chromium]","tests.e2e","Mon Apr 06 07:28:47 UTC 2026","passed","Mon Apr 06 07:28:47 UTC 2026","","test_e2e_filters","",""
"Invalid URL: Test Connection still proceeds but Jira call fails; Save remains disabled.","297","test_validation_error_invalid_url[chromium]","tests.e2e","Mon Apr 06 07:28:50 UTC 2026","passed","Mon Apr 06 07:28:51 UTC 2026","","test_e2e_ui","",""
"Credentials must NOT appear embedded in the url parameter.","0","test_create_client_no_credentials_in_url_kwarg","tests.unit","Mon Apr 06 07:28:09 UTC 2026","passed","Mon Apr 06 07:28:09 UTC 2026","","test_jira_client","",""
"","1","test_log_file_format","tests.unit","Mon Apr 06 07:28:09 UTC 2026","passed","Mon Apr 06 07:28:09 UTC 2026","","test_logging_setup","",""
"","1","test_options_returns_204_with_cors","tests.component","Mon Apr 06 07:28:01 UTC 2026","passed","Mon Apr 06 07:28:01 UTC 2026","","test_server","",""
"","0","test_issue_with_labels_factory_matches_get_labels","tests.component","Mon Apr 06 07:27:58 UTC 2026","passed","Mon Apr 06 07:27:58 UTC 2026","","test_contracts","",""
"Posting the same name twice updates the existing entry; only one user filter exists.","3","test_post_filter_upserts_on_duplicate_name","tests.component","Mon Apr 06 07:28:19 UTC 2026","passed","Mon Apr 06 07:28:19 UTC 2026","","test_server_filters","",""
"","1","test_dau_responses_dir_env_var_overrides_default","tests.unit","Mon Apr 06 07:28:08 UTC 2026","passed","Mon Apr 06 07:28:08 UTC 2026","","test_dau_metrics","",""
"","0","test_compute_velocity_preserves_sprint_name","tests.unit","Mon Apr 06 07:28:09 UTC 2026","passed","Mon Apr 06 07:28:09 UTC 2026","","test_metrics","",""
"","0","test_fetch_sprint_data_passes_filter_jql_to_each_sprint","tests.unit","Mon Apr 06 07:28:09 UTC 2026","passed","Mon Apr 06 07:28:09 UTC 2026","","test_jira_client","",""
"MD report currently does not render AI assistance trend section.","0","test_md_report_no_ai_assistance_section","tests.component","Mon Apr 06 07:28:00 UTC 2026","passed","Mon Apr 06 07:28:00 UTC 2026","","test_report_md","",""
"","2","test_post_schema_fetches_and_saves_schema","tests.unit","Mon Apr 06 07:28:09 UTC 2026","passed","Mon Apr 06 07:28:09 UTC 2026","","test_server_handlers","",""
"","1","test_get_sprints_sorted_desc_by_start_date","tests.unit","Mon Apr 06 07:28:09 UTC 2026","passed","Mon Apr 06 07:28:09 UTC 2026","","test_jira_client","",""
"","0","test_no_velocity_data_message","tests.component","Mon Apr 06 07:28:00 UTC 2026","passed","Mon Apr 06 07:28:00 UTC 2026","","test_report_md","",""
"","0","test_get_labels_missing_key","tests.unit","Mon Apr 06 07:28:09 UTC 2026","passed","Mon Apr 06 07:28:09 UTC 2026","","test_metrics","",""
"","2","test_resolve_report_path_allows_files_under_reports","tests.unit","Mon Apr 06 07:28:09 UTC 2026","passed","Mon Apr 06 07:28:09 UTC 2026","","test_server_handlers","",""
"","0","test_sprint_factory_has_keys_used_by_compute_velocity","tests.component","Mon Apr 06 07:27:58 UTC 2026","passed","Mon Apr 06 07:27:58 UTC 2026","","test_contracts","",""
"","0","test_import_app_logging_setup","tests.unit","Mon Apr 06 07:28:09 UTC 2026","passed","Mon Apr 06 07:28:09 UTC 2026","","test_imports","",""
"","1","test_file_created","tests.component","Mon Apr 06 07:28:00 UTC 2026","passed","Mon Apr 06 07:28:00 UTC 2026","","test_report_md","",""
"","1","test_filter_id_numeric","tests.unit","Mon Apr 06 07:28:08 UTC 2026","passed","Mon Apr 06 07:28:08 UTC 2026","","test_config","",""
"","0","test_estimation_type_shown_in_md_header","tests.component","Mon Apr 06 07:28:00 UTC 2026","passed","Mon Apr 06 07:28:00 UTC 2026","","test_report_md","",""
"","1","test_dedup_keeps_latest_per_user_week","tests.unit","Mon Apr 06 07:28:08 UTC 2026","passed","Mon Apr 06 07:28:08 UTC 2026","","test_dau_metrics","",""
"Username containing '_' shows an inline error and gets is-error class.","70","test_username_rejects_underscore[chromium]","tests.e2e","Mon Apr 06 07:28:25 UTC 2026","passed","Mon Apr 06 07:28:25 UTC 2026","","test_dau_survey_ui","",""
"","0","test_all_not_used_avg_is_zero","tests.unit","Mon Apr 06 07:28:08 UTC 2026","passed","Mon Apr 06 07:28:08 UTC 2026","","test_dau_metrics","",""
"","0","test_fetch_cert_creates_certs_dir","tests.integration","Mon Apr 06 07:28:02 UTC 2026","passed","Mon Apr 06 07:28:02 UTC 2026","","test_fetch_ssl_cert","",""
"","0","test_logger_has_success_method","tests.unit","Mon Apr 06 07:28:09 UTC 2026","passed","Mon Apr 06 07:28:09 UTC 2026","","test_logging_setup","",""
"","2","test_handle_generate_emits_error_when_main_file_missing","tests.unit","Mon Apr 06 07:28:09 UTC 2026","passed","Mon Apr 06 07:28:09 UTC 2026","","test_server_handlers","",""
"Saved PEM bundle includes the leaf cert followed by the certifi CA store.","1","test_fetch_cert_bundle_contains_certifi_cas","tests.integration","Mon Apr 06 07:28:02 UTC 2026","passed","Mon Apr 06 07:28:02 UTC 2026","","test_fetch_ssl_cert","",""
"","0","test_ai_usage_empty_labels","tests.unit","Mon Apr 06 07:28:09 UTC 2026","passed","Mon Apr 06 07:28:09 UTC 2026","","test_metrics","",""
"","1","test_compute_dau_trend_empty_dir","tests.unit","Mon Apr 06 07:28:08 UTC 2026","passed","Mon Apr 06 07:28:08 UTC 2026","","test_dau_metrics","",""
"GET /api/schemas?name=<default> returns the full schema.","1","test_get_schema_by_name","tests.component","Mon Apr 06 07:28:12 UTC 2026","passed","Mon Apr 06 07:28:12 UTC 2026","","test_server","",""
"","3","test_env_bool_values[True-True]","tests.unit","Mon Apr 06 07:28:08 UTC 2026","passed","Mon Apr 06 07:28:08 UTC 2026","","test_config","",""
"","0","test_build_metrics_dict_jira_tickets_velocity_uses_issue_count","tests.unit","Mon Apr 06 07:28:09 UTC 2026","passed","Mon Apr 06 07:28:09 UTC 2026","","test_metrics","",""
"Badge transitions to 'Connected' after a successful Test Connection.","280","test_badge_shows_connected_on_success[chromium]","tests.e2e","Mon Apr 06 07:28:32 UTC 2026","passed","Mon Apr 06 07:28:32 UTC 2026","","test_e2e_connection","",""
"","1","test_get_unknown_returns_404","tests.component","Mon Apr 06 07:28:01 UTC 2026","passed","Mon Apr 06 07:28:01 UTC 2026","","test_server","",""
"Generate tab shows SCRUM / KANBAN radio buttons (RG-PT-001).","386","test_project_type_radios_visible[chromium]","tests.e2e","Mon Apr 06 07:28:59 UTC 2026","passed","Mon Apr 06 07:28:59 UTC 2026","","test_e2e_ui","",""
"","0","test_get_done_issue_keys_deduplicates_across_sprints","tests.unit","Mon Apr 06 07:28:09 UTC 2026","passed","Mon Apr 06 07:28:09 UTC 2026","","test_metrics","",""
"","0","test_is_done[Resolved-True]","tests.unit","Mon Apr 06 07:28:09 UTC 2026","passed","Mon Apr 06 07:28:09 UTC 2026","","test_metrics","",""
"","0","test_sprint_name_present","tests.component","Mon Apr 06 07:28:00 UTC 2026","passed","Mon Apr 06 07:28:00 UTC 2026","","test_report_md","",""
"","1","test_board_id_numeric","tests.unit","Mon Apr 06 07:28:08 UTC 2026","passed","Mon Apr 06 07:28:08 UTC 2026","","test_config","",""
"","0","test_md_dau_trend_shows_week","tests.component","Mon Apr 06 07:27:58 UTC 2026","passed","Mon Apr 06 07:27:58 UTC 2026","","test_dau_report","",""
"","1","test_get_story_points_custom_field_missing","tests.unit","Mon Apr 06 07:28:09 UTC 2026","passed","Mon Apr 06 07:28:09 UTC 2026","","test_metrics","",""
"All required form inputs carry aria-required='true' (NFR-A-003).","95","test_required_fields_have_aria_required[chromium]","tests.e2e","Mon Apr 06 07:29:05 UTC 2026","passed","Mon Apr 06 07:29:05 UTC 2026","","test_e2e_ui","",""
"","0","test_compute_velocity_all_done","tests.unit","Mon Apr 06 07:28:09 UTC 2026","passed","Mon Apr 06 07:28:09 UTC 2026","","test_metrics","",""
"","0","test_md_dau_section_absent_when_no_responses","tests.component","Mon Apr 06 07:27:58 UTC 2026","passed","Mon Apr 06 07:27:58 UTC 2026","","test_dau_report","",""
"A valid alphanumeric username gets the is-valid class and no error text.","63","test_username_valid_input_applies_valid_class[chromium]","tests.e2e","Mon Apr 06 07:28:24 UTC 2026","passed","Mon Apr 06 07:28:25 UTC 2026","","test_dau_survey_ui","",""
"","0","test_validate_cert_corrupt_file","tests.unit","Mon Apr 06 07:28:08 UTC 2026","passed","Mon Apr 06 07:28:08 UTC 2026","","test_cert_validation","",""
"create_client() must pass timeout=55 to the Jira constructor.","0","test_create_client_passes_timeout","tests.unit","Mon Apr 06 07:28:09 UTC 2026","passed","Mon Apr 06 07:28:09 UTC 2026","","test_jira_client","",""
"","1","test_get_issues_for_sprint_pagination","tests.unit","Mon Apr 06 07:28:09 UTC 2026","passed","Mon Apr 06 07:28:09 UTC 2026","","test_jira_client","",""
"_load_filters() creates config/jira_filters.json with the default when the file is absent.","1","test_load_filters_creates_file_when_missing","tests.unit","Mon Apr 06 07:28:09 UTC 2026","passed","Mon Apr 06 07:28:09 UTC 2026","","test_filter_handlers","",""
"'Settings saved' flash appears after clicking Save.","333","test_save_shows_flash_confirmation[chromium]","tests.e2e","Mon Apr 06 07:28:37 UTC 2026","passed","Mon Apr 06 07:28:37 UTC 2026","","test_e2e_connection","",""
"","0","test_ai_usage_action_breakdown","tests.unit","Mon Apr 06 07:28:09 UTC 2026","passed","Mon Apr 06 07:28:09 UTC 2026","","test_metrics","",""
"","1","test_md_table_header_row","tests.component","Mon Apr 06 07:28:00 UTC 2026","passed","Mon Apr 06 07:28:00 UTC 2026","","test_report_md","",""
"","2","test_validate_config_missing_url","tests.unit","Mon Apr 06 07:28:08 UTC 2026","passed","Mon Apr 06 07:28:08 UTC 2026","","test_config","",""
"Second POST with the same name returns updated=True and replaces the entry in-place.","3","test_post_filter_updates_existing_entry","tests.unit","Mon Apr 06 07:28:09 UTC 2026","passed","Mon Apr 06 07:28:09 UTC 2026","","test_filter_handlers","",""
"DELETE /api/filters/no-such-slug returns ok=False with a descriptive error.","1","test_delete_unknown_slug_returns_not_found","tests.component","Mon Apr 06 07:28:20 UTC 2026","passed","Mon Apr 06 07:28:20 UTC 2026","","test_server_filters","",""
"","0","test_get_story_points_none","tests.unit","Mon Apr 06 07:28:09 UTC 2026","passed","Mon Apr 06 07:28:09 UTC 2026","","test_metrics","",""
"","1","test_dedup_empty_list","tests.unit","Mon Apr 06 07:28:08 UTC 2026","passed","Mon Apr 06 07:28:08 UTC 2026","","test_dau_metrics","",""
"","33","test_empty_velocity_shows_no_data_message","tests.component","Mon Apr 06 07:27:59 UTC 2026","passed","Mon Apr 06 07:27:59 UTC 2026","","test_report_html","",""
"The API Token label has a visible red asterisk.","139","test_required_star_visible_on_token_label[chromium]","tests.e2e","Mon Apr 06 07:28:30 UTC 2026","passed","Mon Apr 06 07:28:30 UTC 2026","","test_e2e_connection","",""
"","1","test_env_path_points_to_project_root","tests.unit","Mon Apr 06 07:28:08 UTC 2026","passed","Mon Apr 06 07:28:08 UTC 2026","","test_config","",""
"","0","test_fetch_cert_exits_on_os_error","tests.integration","Mon Apr 06 07:28:02 UTC 2026","passed","Mon Apr 06 07:28:02 UTC 2026","","test_fetch_ssl_cert","",""
"","0","test_get_issues_with_changelog_skips_failures","tests.unit","Mon Apr 06 07:28:09 UTC 2026","passed","Mon Apr 06 07:28:09 UTC 2026","","test_jira_client","",""
"_handle_delete_filter() returns ok=False for an unknown slug.","1","test_delete_unknown_slug_returns_not_found","tests.unit","Mon Apr 06 07:28:09 UTC 2026","passed","Mon Apr 06 07:28:09 UTC 2026","","test_filter_handlers","",""
